house_code,long,lat,Bondo A Well - EWB Hope College,Bondo Concrete Water Tank,Bondo Kokumu Well,Bondo Water Kiosk,Hand dug deep well,Kandwat,Kapaul,Kibuon (spring),Koyanda,Lela B Well - EWB Oregon State / SF Professional,Lela C,Munyu River,New source,Nyamilo water project well,Ogwedhi,Ogwedhi Water Project,Old hand dug well,Riamanyama,Wadhanyim,Wiyao Water Point
A1*, 34.3947095051408,-1.08380898223452,2884.82204166,2463.40382539,2091.94467715,1818.39868354,756.004974154,515.785374743,579.166166918,418.478888509,425.871096255,3795.77404659,3368.46987085,1961.1952449,797.513367897,697.990611085,1298.58287529,1422.15449258,661.162097338,1191.7431359,485.414590617,1502.2109361
A2, 34.3952026963234,-1.08270913786314,3013.03876972,2590.1073361,2192.76244754,1918.26090006,724.008342181,626.10325324,696.875200927,509.127263852,463.340429001,3918.97673893,3480.38208792,1926.34257922,681.736767371,770.747878971,1171.12513796,1540.72055854,784.717139127,1313.82459108,370.046213568,1629.4966755
A3, 34.3951554223895,-1.08309798870754,2976.93154513,2546.5625952,2152.68478597,1878.32382911,744.085658281,583.88309423,653.839876446,469.800677201,435.638513684,3875.62874973,3438.44047911,1923.74803851,723.752812554,756.993063806,1206.54007102,1509.59739927,741.251785346,1270.50827817,397.928898311,1585.94071056
A4*, 34.3943993747234,-1.08507743986148,2757.12264328,2320.15305784,1970.31144443,1698.18688409,836.530890068,393.869991609,446.865747204,328.649221538,404.895195784,3654.54199518,3235.93056416,1983.03652196,937.128362348,667.669752694,1428.96472914,1313.25724289,521.888756411,1052.35635667,608.051048848,1358.82641032
A5*, 34.3941308185458,-1.08550752196471,2701.78104815,2270.4936138,1936.49029676,1665.43561878,857.169859435,365.782524684,409.840499284,323.070737958,427.493088235,3606.81579752,3194.83724612,2010.94994821,984.933365872,646.553508187,1484.98769283,1262.48375313,477.931644299,1007.03833352,663.603753503,1309.20957629
A6, 34.3941039964557,-1.0860167149603,2658.64813232,2213.79668274,1885.18767498,1614.80527402,902.640036212,320.935995018,358.28872377,299.079395401,429.445926557,3550.22129164,3139.99964781,2013.14813107,1041.59309864,658.064786992,1531.62751648,1231.07023192,422.608079253,950.997408461,708.939995687,1252.51143933
A7, 34.3937817960978,-1.08704649803081,2551.84508692,2097.56996623,1794.82204154,1527.09859111,984.137654834,270.753834622,278.6845378,310.699761001,484.005540099,3436.21400484,3035.83801805,2052.19253736,1157.18239404,668.471801645,1645.08755773,1146.38594093,321.403587203,842.182973098,821.97597317,1136.64847127
A8, 34.3933244794607,-1.08758250802526,2473.76657281,2036.28837234,1763.74037744,1499.04371413,1016.46634562,293.987930175,276.36116122,365.866992015,551.145122418,3377.99086154,2989.79647015,2107.05622095,1220.01040552,655.352497201,1723.16470037,1075.34723506,291.507327776,793.736664112,900.04872589,1076.81485741
A9, 34.3931266665459,-1.08798309079196,2426.83700458,1991.38724014,1734.72205153,1472.00171497,1049.46514986,306.972833516,274.108609019,396.528589694,588.430764645,3334.31424756,2952.1543188,2133.08792166,1266.39791639,664.013900276,1772.16503518,1037.7781526,270.390242765,756.24099808,949.057072127,1032.94058875
A10, 34.3924152106047,-1.08743970612235,2414.59449611,2052.46456496,1826.11254874,1565.28715689,966.048378128,395.777254876,371.564027238,464.365945349,642.101324396,3398.82496061,3031.35983445,2206.6135118,1217.10977579,564.500228927,1771.88193131,990.740851372,368.950354332,838.168230716,950.898252751,1099.19931963
A11, 34.3927028775215,-1.08831763602417,2367.15513524,1954.21687387,1725.67453798,1466.16472189,1068.77453929,352.060902195,306.914336414,452.186737796,646.769723388,3299.45818788,2928.71272773,2184.01165612,1308.8189789,652.853113312,1829.91563217,980.312385944,281.988050089,735.503677862,1006.82231271,998.870164061
A12, 34.3920705467463,-1.08880101694541,2279.37585243,1902.68343493,1717.45790814,1463.39735917,1101.33865097,426.010239666,368.918670188,536.357605929,733.531626335,3250.56745075,2897.37206993,2260.58391042,1372.82933386,644.915010221,1914.94032789,895.775632985,320.694624629,714.450162457,1092.07686896,954.543761617
A13*, 34.3914881721139,-1.08804711698657,2294.95182993,1990.55962499,1823.11939766,1569.31734478,1005.52078038,487.912574999,445.247962503,575.868107154,760.756403201,3339.73275452,2996.9986585,2315.04420116,1304.1879919,539.01109534,1889.49540382,868.369770002,413.558168674,818.790456005,1070.23532152,1049.19376508
A14*, 34.3924973532557,-1.08922975765605,2280.4189702,1853.24724211,1651.55718149,1396.74153647,1159.3893055,388.892149008,322.229573785,512.78037593,715.480695217,3199.60576184,2837.81846575,2220.77165449,1412.40470689,711.818853181,1925.75270174,926.702680898,261.798667356,650.733749128,1102.81554104,900.452004929
A15, 34.3919136375189,-1.08954083766437,2209.49398622,1821.51965674,1659.61504385,1410.01617349,1177.72283637,460.927381885,390.983378241,586.31759716,788.870373716,3170.01980269,2824.44533272,2290.51333182,1456.88582617,701.294602905,1991.52932274,855.035152508,320.990733458,651.284844051,1168.41283681,876.894282949
A16, 34.3918221071362,-1.08987538272369,2176.5526927,1785.06231403,1635.57227624,1388.38420082,1212.15808145,482.861920828,408.534663177,613.341976245,817.419681323,3133.86348428,2792.40882136,2307.17482425,1495.31053956,727.363641476,2027.68479629,836.498304476,330.561209992,625.631080717,1204.59026696,842.692622903
A17*, 34.3916504457593,-1.09012143086985,2143.93485543,1759.20265722,1625.32850253,1380.77139991,1235.58489579,510.908460323,434.299633932,643.818124609,848.496874318,3108.41550988,2772.76691687,2331.13595709,1525.73993202,741.588717307,2061.04098961,812.349265592,351.747672998,614.581434538,1237.94750746,820.622918352
A18, 34.3908601999283,-1.08609247375283,2416.00710237,2213.42150245,2043.55461561,1786.06922275,779.199668725,608.62069593,596.344425995,644.850105475,790.114028497,3563.1065078,3225.27826691,2373.79368431,1115.89548416,336.052300118,1778.30449952,928.936951476,597.466979561,1044.01260855,980.070342058,1276.6233185
A19, 34.3936336040497,-1.08548372163169,2666.28229248,2270.54570349,1960.14355769,1690.45629987,824.629962137,399.842485175,434.142639117,372.046737573,482.801436623,3610.29296166,3208.96869683,2066.2803874,984.65775575,592.048454661,1517.82801106,1217.25057906,492.0564075,1016.41823244,699.487654797,1310.08180554
A20, 34.3934656307101,-1.0856338983778,2641.36959039,2253.28135552,1952.33584646,1683.37583026,829.377298021,399.157093111,428.271874564,381.245810419,500.406540364,3594.07242771,3196.79427731,2084.54331154,1002.7904155,578.032757844,1542.62708318,1192.48787561,481.353715401,1002.90319742,724.499606818,1293.31154079
A21, 34.3927189707756,-1.0855115445562,2596.73785314,2266.1997839,1999.75537941,1733.11349549,778.779486858,467.802622888,485.811574394,462.823079506,584.018818987,3610.93968077,3229.55844436,2167.84379363,1000.08782273,494.435189503,1587.35778994,1131.69869868,525.112887555,1033.43962198,776.614865825,1309.82419645
A22, 34.3922160565853,-1.08586720866502,2530.38866299,2227.9300686,1989.87704855,1725.86462484,793.584896111,488.027387178,493.345738018,503.071777568,638.856608862,3574.75333209,3205.6891381,2223.09834161,1049.74980768,454.944155588,1654.40727622,1063.21805049,518.557268945,1010.8004597,844.89168523,1275.43090805
A23, 34.3928701803088,-1.08415391962809,2723.68270852,2417.0528568,2129.61065694,1860.3896583,654.25124093,568.995745583,604.443771172,524.799704638,596.069138989,3760.93041273,3372.11113307,2160.22499754,848.531502803,491.783219178,1467.82417537,1238.89220838,658.410184838,1176.89967755,675.041461311,1459.57517826
A24, 34.392561390996,-1.08395178430893,2720.01433629,2439.85623087,2164.15209769,1895.54809909,617.167499343,607.503123381,640.561629147,565.684781284,635.797163223,3785.0534175,3402.04543958,2196.63034151,833.549967764,458.656254303,1477.6180944,1228.41857194,691.273357147,1206.1585329,693.886053606,1484.05555027
A25, 34.3930113315582,-1.08338493378142,2800.47914964,2502.57102285,2202.03977646,1931.54879238,593.208883123,632.213600933,675.121608515,570.636665024,613.997280524,3845.70709467,3451.83560471,2154.52622284,761.596302972,516.78085356,1398.28272191,1308.02879647,735.425443337,1257.94036786,621.004465118,1544.35141907
A26*, 34.3926535919309,-1.08249493466115,2855.58295336,2601.69069262,2308.68935376,2038.14211951,491.578682187,737.918089445,781.760543163,670.659808292,697.13727831,3946.31931992,3557.19444423,2209.2942585,673.98231613,507.527681666,1365.89418923,1350.86345075,841.524316632,1362.51656859,624.460076791,1645.06352934
A27, 34.392638169229,-1.08095226890069,2994.96424854,2773.23566305,2468.63785154,2196.81478633,378.634496265,892.544924436,942.745249521,809.632435068,802.958439207,4117.74340666,3724.85183565,2247.67667667,511.223728209,594.271685456,1270.37367386,1481.11843404,1007.64057493,1531.53869322,604.575456597,1816.43316276
A28, 34.3923290446401,-1.0811000993563,2962.14155151,2757.41019371,2465.91950585,2194.80640982,359.308676185,892.142884147,939.085711747,815.266506659,817.949190205,4103.08060347,3716.4346961,2276.96647352,539.380236982,557.190179344,1308.28728074,1447.16233571,1000.53959942,1521.66231439,638.932004294,1802.18420249
A29, 34.3918314948678,-1.08119261909356,2923.13656872,2749.01540178,2477.63133675,2207.66845519,323.623076518,908.932014477,951.111313662,840.469637737,854.79064283,4096.24793082,3719.36078603,2328.31462783,572.752222007,508.567151301,1361.11354124,1406.07505975,1007.34795582,1523.38147431,694.437075366,1796.80490926
A30, 34.391692019999,-1.0813488299479,2900.12862799,2732.39653015,2467.86007268,2198.38211163,325.308142121,901.757276013,941.99118106,836.994527349,856.987139687,4080.02179276,3706.29118549,2339.49572018,595.40768337,485.414067186,1383.2781742,1382.92760713,996.207623676,1510.18028853,710.596114201,1781.21675068
A31, 34.3911927938461,-1.0806297906483,2938.51332362,2815.50296121,2563.44010333,2294.36486914,229.095378649,998.896681771,1038.25006234,933.89543276,949.204710937,4164.10686002,3797.59800032,2412.23282541,558.711160548,506.977275981,1393.81378265,1418.76310678,1090.70095463,1601.59694682,766.490091559,1867.50483624
A32, 34.3928718566895,-1.08043201290901,3057.44908366,2830.90849121,2513.71485321,2241.1526042,375.930247198,936.228622013,990.01150632,845.915339811,825.095305833,4174.41340394,3775.88971101,2237.87849515,447.943727152,651.213918895,1218.68145034,1542.82070675,1058.37341679,1584.49059246,582.327634298,1873.04868794
A33*, 34.3926955014467,-1.07964525963895,3119.78991493,2918.49670232,2602.65247179,2329.91537478,333.532773237,1025.04065634,1079.48796657,932.223366455,903.362645199,4262.63947695,3865.5363581,2282.32749566,375.74509268,698.22604971,1195.65625234,1602.04588258,1148.01418348,1673.9298546,617.60655567,1961.27400551
A34, 34.3928674980998,-1.07875056638865,3214.04760838,3017.8774187,2690.3192414,2416.92890863,351.752793582,1113.08704328,1170.68830399,1013.52212886,969.951293487,4361.25772379,3959.09971286,2297.21000246,280.24471808,786.245044396,1138.57171916,1695.14429929,1242.15175075,1769.65807746,632.007767051,2059.9137064
A35, 34.3940449878573,-1.07930903736556,3234.0735308,2958.39381443,2591.71154404,2317.33570864,479.687644852,1020.14280255,1084.92417669,908.447243818,845.996056453,4296.10979507,3874.12291364,2152.86204257,296.565201594,831.607126553,1044.5698743,1721.39709967,1164.44120163,1694.98188392,487.205346795,1997.50068921
A36, 34.3945411965251,-1.08073236689447,3138.03190233,2803.27010874,2424.33029122,2149.89629222,561.928849114,854.36562041,921.17168698,740.884204798,682.768423197,4137.73429445,3708.94393084,2050.3973856,454.916470937,783.370887551,1080.47974634,1637.23616443,1003.5914446,1534.25355823,394.32553008,1841.93900325
A37*, 34.3951326236129,-1.08179332688428,3086.00393803,2690.74957185,2292.92482399,2018.28716107,667.184976905,728.155641977,798.906408813,609.047309274,548.279753261,4020.61081508,3582.2405072,1955.88798471,579.968304814,792.560595272,1104.72728321,1601.30519452,886.032523824,1415.53725509,338.060697793,1729.85214807
A38, 34.3955181911588,-1.08482066439111,2863.5669522,2360.57986749,1957.58438393,1683.39144853,898.708084002,388.874231786,462.030689199,277.10307668,294.066610889,3685.30328141,3242.98621289,1860.64990823,919.130312501,788.377248498,1331.51659034,1433.93473658,554.495768183,1080.40091696,508.556133635,1401.72432883
A39*, 34.3953260779381,-1.08552964621779,2792.51344679,2279.75563351,1888.77880018,1615.17508805,941.184461659,313.941344431,383.010995218,221.187418579,295.005795988,3605.8237819,3168.42123956,1878.05055037,994.35396975,777.349888501,1408.56699829,1376.12034602,473.491604799,1000.67442385,586.453131395,1320.51727946
A40, 34.3902523443103,-1.08560439937469,2418.95922556,2275.24187148,2125.59170369,1869.40795972,717.107170537,692.710754069,682.564292224,721.884510199,857.532529832,3624.96955176,3298.23842525,2441.77689073,1090.8201266,249.430789447,1791.59174617,916.177306127,683.937204449,1123.09414317,1007.64757077,1346.05236585
A41, 34.3896310776472,-1.08421191201401,2508.45293606,2438.25055736,2293.3084308,2035.76550249,560.04858725,829.269814054,830.34527913,835.27935408,943.578642296,3787.60659808,3467.15159124,2518.39545429,985.846901115,131.667367351,1749.54702285,990.693559586,842.110377712,1292.28761999,1003.33726691,1513.95754577
A42, 34.389313235879,-1.08359880170431,2547.90011074,2511.08038054,2369.84190682,2111.95420362,493.963034485,896.986421787,901.536526723,895.318626111,993.10307524,3860.11818889,3543.1753408,2559.8686852,948.438235523,121.793134801,1740.08722774,1028.07502195,916.315779614,1369.07580118,1015.21893531,1589.43324279
A43, 34.3890215456486,-1.08173064142284,2712.72651599,2721.32312569,2564.5335514,2303.41254113,294.818400189,1055.10835518,1071.93760009,1029.00551305,1093.60614921,4070.35657652,3750.08263931,2621.78288842,811.443344599,289.567165626,1664.4620632,1195.85809831,1098.96267943,1569.77418243,1009.61582153,1797.79148954
A44, 34.3918656930327,-1.07961408449452,3073.87120953,2924.22351325,2638.480109,2367.0878626,242.121200628,1063.49041549,1111.82972281,981.273942624,968.190810443,4271.12341118,3889.0647593,2371.24114187,423.701805379,642.250175344,1278.18618968,1554.17718295,1173.57476701,1693.86680657,708.088472988,1971.11565651
A45, 34.390449821949,-1.07583686140733,3369.84433078,3353.16861832,3086.9498943,2815.37689838,379.798720203,1511.17963459,1560.36564989,1423.38807676,1390.22286904,4702.28851271,4334.3639823,2670.90421045,433.329198642,963.862802053,1332.38030508,1861.63308388,1621.134348,2138.32236528,1025.69856542,2406.76561425
A46, 34.390996992588,-1.0759096035007,3388.96503232,3340.65374235,3057.64162481,2785.32934794,389.500673413,1480.4402987,1532.36131567,1388.06118528,1347.92155701,4688.97801286,4312.15421457,2612.43907717,372.180421862,971.956646847,1272.29468549,1876.75152193,1596.26504051,2116.8631647,971.255441863,2390.90444822
A47, 34.3909963220358,-1.07695615084556,3284.93853888,3224.53633024,2948.91223691,2677.18817074,284.061853864,1372.82976554,1422.55145661,1285.04462928,1254.4998706,4572.99561684,4198.99048823,2564.61963055,364.600316183,861.284916959,1286.60741531,1769.97250133,1484.37496615,2003.25094749,908.028581733,2275.37702023
A48, 34.3915146589279,-1.07715728097959,3291.87378526,3198.87999329,2907.54679734,2635.17362279,299.442213453,1330.27035304,1382.56176873,1238.27510985,1201.74447827,4546.3196541,4163.98533246,2502.84084097,310.539471664,861.336601178,1233.92858311,1774.27011499,1447.37295971,1969.32467369,846.978175397,2246.77874358
A49, 34.3910305202007,-1.07715258794329,3267.25711137,3202.48991842,2927.17919109,2655.52357479,267.332464228,1351.26915155,1400.73487096,1264.10079489,1235.01361971,4550.91499813,4176.86712415,2552.61402723,363.521683228,841.976867837,1286.69535959,1751.65187991,1462.35499343,1981.10932103,894.002150274,2253.23318776
A50, 34.3904880434275,-1.07696788343709,3258.39898937,3227.48589226,2968.64473995,2697.75280242,259.538714141,1394.91761971,1441.69872954,1312.1388495,1289.15274127,4576.67815298,4211.40059051,2616.18152068,421.002890761,843.130229715,1342.56528312,1746.36335332,1500.18468453,2015.27750071,956.806283891,2281.70058053
A51, 34.3901836127043,-1.07782872031421,3157.60174058,3135.2220122,2893.67654758,2624.03050897,158.01934804,1324.90254943,1367.50868286,1250.05493758,1240.88030388,4484.77921549,4127.47288398,2612.59677418,471.910533258,741.865287617,1394.21764699,1644.98837646,1421.64297294,1931.80347645,946.806620692,2192.50944262
A52, 34.3901463970542,-1.07814047192698,3124.74657688,3101.13218055,2863.62334385,2594.33686102,124.036544876,1296.56844588,1337.97044776,1224.1080011,1219.20569039,4450.7372839,4095.11830813,2604.62207078,486.57062049,707.334677859,1406.38580395,1611.44266627,1390.89571329,1899.68710456,938.217823564,2159.05874282
B1, 34.4049977883697,-1.07845389959152,4114.51933984,3333.0555809,2627.77672035,2378.38952329,1699.04039781,1492.84927562,1584.47534843,1340.13492506,1133.48631811,4547.22480713,3955.07116134,1161.73679006,1210.32380144,1950.28471486,477.861025856,2702.71859378,1692.9451641,2104.63086686,821.099005586,2451.08503651
B2, 34.4056442007423,-1.07846194479319,4167.54660169,3361.82704722,2641.19812388,2395.15169221,1770.78797682,1541.96853795,1633.17125103,1390.67593807,1183.60015901,4565.56466813,3965.13085965,1112.66256489,1281.39153727,2017.9363921,524.977302205,2763.20093197,1741.27673939,2142.7293471,888.519321983,2488.55242374
B3, 34.4038591906428,-1.08032709013699,3881.60861859,3091.5921315,2401.12499744,2147.7984483,1575.76053629,1254.98580068,1346.1436117,1104.04027203,896.900787113,4313.73684225,3732.00303455,1123.37421168,1142.64304658,1768.54784728,611.281813421,2486.59699277,1454.23301233,1860.90920645,647.698570285,2207.34840771
B4, 34.3999505415559,-1.07661087741788,3871.55700778,3348.17537732,2787.9132858,2518.98530729,1171.2802287,1376.70293298,1465.41362007,1222.74520378,1048.86116343,4637.66228153,4119.13826586,1717.86552951,632.487958366,1536.47240873,325.063479872,2386.17040025,1569.94572519,2066.53357062,533.631511342,2405.83103803
B5, 34.3991827592254,-1.07628571696965,3845.28114312,3364.66382687,2827.54878357,2556.95224914,1098.71852076,1385.79970051,1472.67587132,1234.42865285,1070.09844848,4662.93259763,4156.04778594,1807.75131579,548.617747937,1487.48977339,384.871086072,2351.1933777,1575.15693713,2080.65154198,541.566864277,2416.6813822
B6, 34.3995019420981,-1.07708185718089,3799.37716018,3285.81544619,2737.34424383,2467.35302881,1110.82654715,1311.1612779,1399.30220776,1158.02525567,987.876731941,4579.28728031,4066.99996852,1727.06854117,584.567841869,1466.0186172,395.733322258,2313.92589369,1503.22583446,2003.05110708,466.635492726,2341.20075355
B7, 34.3990727886558,-1.07771508181516,3714.78324117,3206.70063638,2669.62756648,2398.66107831,1051.06193123,1229.70646636,1317.34152617,1077.36167513,910.928241625,4503.64548998,3997.40121004,1727.71345246,547.823760092,1388.02312515,476.302060899,2230.83844679,1420.75003582,1923.15438373,384.771913838,2260.26324341
B8, 34.3976770341396,-1.07695045215825,3683.80314608,3261.11512738,2768.42245455,2495.23812985,917.276093885,1277.93248047,1360.99854912,1132.65097048,988.056316125,4573.02180072,4088.82736579,1904.3438953,381.17392802,1309.69384445,567.74841691,2182.72493873,1459.38863294,1976.5907481,455.640819509,2305.99858766
B9, 34.3988843634725,-1.0756890306961,3876.83316062,3423.03040188,2895.79944378,2624.68921814,1088.86504544,1441.79780822,1527.57083773,1292.02122301,1132.45931396,4725.21058277,4223.1381014,1874.32484003,524.947970478,1502.25530972,398.506102871,2376.80656495,1628.79555606,2138.41289315,600.512224708,2472.55325426
B10, 34.3982275575399,-1.07549359915529,3849.94746678,3431.05531345,2923.18295979,2650.9865626,1029.41272459,1447.95826971,1531.87879891,1301.03216449,1149.91972019,4739.65537231,4247.42445023,1945.5528927,459.310435383,1461.02937394,467.538910744,2344.62587405,1631.05043104,2146.26912575,615.706515277,2477.14493687
B11, 34.3974061310291,-1.07550499653538,3795.03618548,3415.29511249,2931.59738508,2658.28287763,945.77672193,1432.98106888,1514.41848495,1290.05123384,1149.9382257,4731.00258509,4251.12807666,2018.54220459,372.088367813,1393.52064696,558.504767752,2285.11569425,1610.87148955,2131.61758371,618.7017449,2458.15967558
B12, 34.3972904607654,-1.07520296594884,3814.96826029,3446.68927527,2966.50680149,2693.10007904,949.349778933,1464.88883269,1545.82358397,1322.71756485,1184.21684748,4763.60817892,4285.49179852,2048.56498279,373.241440554,1408.20816187,569.152231462,2303.33131359,1641.69244709,2163.3840092,653.647474482,2489.0171499
B13 - NEED TO SURVEY, 34.3955527245998,-1.07624951353615,3609.71659176,3308.89808787,2882.42751428,2607.62015185,724.31377066,1340.43862667,1414.98347816,1209.32803093,1098.64909693,4638.02476956,4187.25725933,2146.79153529,150.318147941,1191.38915658,774.071340061,2093.88719477,1504.04503084,2032.84617902,600.901766316,2347.86858126
B14, 34.4010354951024,-1.07810795590005,3827.05504519,3218.2290178,2620.92655248,2355.01810162,1262.23426314,1270.54147539,1361.79354919,1113.73207687,924.301276605,4491.06569905,3954.6939324,1521.98030244,770.326078892,1558.17780003,375.183152105,2366.63750698,1469.26287015,1944.90065179,462.337575108,2288.78548268
B15, 34.3988183140755,-1.07536152363007,3901.22597941,3457.36694168,2932.62647337,2661.43127173,1095.58528739,1475.59278523,1561.00218759,1326.33308961,1168.11047295,4760.65493784,4259.74272175,1902.58792685,526.489944236,1520.0706555,400.69975614,2398.93779116,1661.80244513,2172.64105863,635.546682988,2506.16326266
B16, 34.3993252515793,-1.07926177181867,3603.85317113,3045.32543628,2496.2601383,2225.66982907,1066.53723095,1075.95556955,1165.40166868,921.186336909,746.087834193,4336.34628251,3824.89528055,1617.40832881,633.411755548,1331.36615007,582.505997321,2138.18985444,1270.87902258,1763.94140889,240.626171859,2103.84789479
B17, 34.3996015191078,-1.07959296584812,3597.56115031,3016.93957956,2457.90660304,2187.94528919,1098.18671558,1053.35430525,1143.60552847,897.580363054,717.249547636,4303.86282904,3787.68282202,1573.21813835,677.846147395,1344.65342034,596.043199267,2139.06044092,1249.98039777,1737.34843231,232.944552259,2078.64905518
B18, 34.39945936203,-1.08051916920248,3511.96246741,2913.2450772,2355.83113592,2085.42636865,1091.6649257,952.82162637,1043.56026838,796.532361632,613.721033995,4199.68306345,3684.87225691,1543.7478243,720.38463898,1293.29531142,693.257689418,2064.24776341,1150.51108071,1634.34888334,163.933217558,1976.22380211
B19, 34.4000424072146,-1.08056308256479,3553.80237989,2925.38043053,2348.33168584,2079.49407624,1156.5507501,977.437389557,1069.01532807,820.439235338,629.83018037,4204.07796109,3679.70445641,1482.43655466,776.076613421,1353.31631333,669.56515446,2114.11558389,1176.91450615,1650.59707343,224.697620162,1994.32365576
B20, 34.4005547091365,-1.08109004286294,3553.26122662,2885.24122504,2288.90650993,2021.66339768,1221.85310261,956.077144339,1048.26597808,799.255499652,600.874424014,4155.19869053,3621.81259208,1406.83010747,856.248882293,1391.6371919,705.13798839,2128.65608313,1156.9407108,1616.53010617,275.691079182,1961.92723905
B21, 34.4008091837168,-1.08120435166874,3564.9453846,2881.57423172,2276.30045957,2009.93981715,1251.94865164,961.320264562,1053.5952198,804.906338803,604.082945443,4147.45318828,3609.78901485,1375.82287181,886.713032989,1415.90295075,709.700728348,2145.68519822,1162.42275924,1615.90222866,304.524934825,1961.82274531
B22, 34.4008162245154,-1.08181109335173,3519.46820057,2817.62308989,2208.84540477,1942.5680388,1266.60339424,907.239381281,999.494680557,751.698510741,548.21179778,4081.15310506,3542.37208605,1350.30264234,927.509188973,1401.95372144,775.025304054,2111.22258415,1108.39637792,1554.63043309,316.858036099,1900.94764712
B23, 34.4010706990957,-1.08249392901228,3489.65526617,2754.74207348,2133.41899886,1868.21256503,1313.41668862,866.714161406,958.530122447,713.701188871,507.113517011,4011.58416259,3467.42630647,1298.94427971,997.600227187,1417.14692501,843.689467847,2098.44498679,1067.17871846,1498.47266625,370.695579302,1845.32266795
B24, 34.4011997804046,-1.08131363222391,3588.32568396,2883.55995029,2264.99838692,2000.09341372,1296.85838186,977.081764667,1069.33595791,821.527709577,618.006740578,4143.22212354,3599.1288026,1331.10111112,929.418708293,1455.2932301,712.026586115,2176.23650924,1178.23761484,1622.75345051,348.764650388,1969.2410173
B25, 34.4011397659779,-1.08101730089338,3605.94601592,2912.70858415,2297.75326502,2032.57122199,1284.63902815,999.553962633,1091.83971077,843.45252737,641.379258673,4174.41096021,3631.79284262,1350.45517912,905.807621587,1456.62688163,681.043497819,2187.87060091,1200.71729962,1649.86297309,340.652814787,1996.12444191
B26, 34.4013372436166,-1.08080510887084,3638.10564478,2942.02807299,2322.00475884,2057.52982686,1302.82876582,1031.54683515,1123.83126469,875.513781274,673.185718105,4201.61295303,3656.26647534,1340.49552533,912.244903375,1483.85586925,653.628965249,2219.02356585,1232.71590012,1680.46221192,363.456405197,2026.83944278
B27, 34.4016638025641,-1.08031267582619,3702.11481488,3005.53305298,2378.24608372,2114.91911578,1332.48843554,1097.18371481,1189.4691927,941.088272996,738.883267053,4262.20011524,3712.71486492,1332.99247285,918.170590057,1533.75188641,593.740205235,2279.13838661,1298.34893281,1745.42742061,406.77819115,2091.90278687
B28, 34.4008846208453,-1.08042195641344,3631.31317867,2967.05862078,2363.38963685,2097.21783959,1247.57080364,1038.40000174,1130.54636459,881.492015688,683.660328863,4234.59884576,3696.99352041,1404.38153459,847.353778335,1447.34298904,623.521434851,2200.17861201,1239.15565517,1699.20643924,319.489395246,2044.68603801
B29, 34.4030159711838,-1.08027379070829,3815.37311144,3061.46080538,2394.69376819,2137.17460874,1481.84478642,1194.89915186,1286.72936536,1041.54652383,835.221262767,4297.55043294,3728.00212158,1205.15239287,1053.35449359,1679.45029058,587.559228982,2408.84402927,1395.37261168,1818.16733518,555.615427952,2165.10982579
B30, 34.4031970202923,-1.08079170021173,3792.17515155,3015.51698331,2339.86746555,2083.57252046,1507.6777169,1166.48763168,1257.82674914,1015.00309302,807.931111525,4246.04658449,3672.62317096,1158.21517414,1094.92385857,1684.71971164,647.222244782,2397.03915138,1366.07778092,1778.44471477,569.975550712,2125.1782008
B31, 34.4034343957901,-1.08076052507907,3814.34620791,3028.80769985,2346.69744872,2091.56970153,1533.48116095,1187.51288799,1278.66630617,1036.64583333,829.495570033,4255.59104269,3678.80020059,1137.23228283,1117.50015793,1711.20287105,647.917043254,2421.69954457,1386.75887114,1795.07460859,596.502076783,2141.64993099
B32 - CBO, 34.4050266221166,-1.07958357978301,4033.84715009,3219.81177743,2505.08465781,2257.14386568,1700.94882217,1405.64339224,1496.43883877,1255.73205515,1048.56737855,4426.90157689,3831.27277553,1071.97512745,1240.44192865,1915.38345023,584.616124131,2640.33265237,1604.19519382,2000.87437073,789.302480082,2346.55195039
B33, 34.4052398577332,-1.07918232547224,4080.96341794,3270.2544954,2553.52681361,2306.23988531,1724.05256114,1453.66596718,1544.62944748,1303.19291276,1096.02902415,4476.24915526,3878.95846347,1085.17190284,1252.5544325,1950.67781267,559.379726757,2683.32979667,1652.53057083,2051.13810005,822.514320614,2396.88033036
B34, 34.4047433137894,-1.07939217109165,4024.02917304,3226.20531142,2520.01995746,2270.34730673,1669.021632,1398.00100463,1489.19195388,1246.83453328,1039.7303596,4439.12617635,3847.78364799,1109.65126031,1204.51989838,1891.09002444,550.723335287,2623.95175569,1597.29744267,2001.34814431,763.284898042,2347.49842653
B35, 34.4037525728345,-1.0786449731252,3998.26992388,3260.00227606,2584.55693253,2329.34790397,1559.82262592,1385.89728527,1478.02537912,1231.10057823,1026.15126658,4492.5663345,3916.48524884,1247.23562971,1078.21247026,1812.82122464,429.433994483,2575.05428482,1586.87316067,2016.24304606,684.529560231,2363.21263302
B36, 34.4034263491631,-1.07873447598684,3965.05206909,3237.50055915,2570.02065995,2313.39953488,1523.22780582,1355.42831068,1447.62938292,1200.2041417,995.892176382,4474.58685637,3902.77957572,1268.43319393,1044.90807063,1775.34959224,427.770108637,2539.3748125,1556.5156383,1990.19571234,647.255483263,2337.1639624
B37*, 34.4028577208519,-1.0785323403068,3935.05400769,3236.36242449,2585.44696624,2326.2722529,1460.97379243,1335.39552776,1427.68100642,1179.15458394,977.227966481,4482.75827773,3919.32732355,1331.65182687,978.312408513,1724.38502714,393.211387072,2500.03063678,1536.54558155,1981.35645652,599.748174396,2328.08880225
B38, 34.4022917747498,-1.07867313132915,3879.23074498,3200.63022013,2564.50223392,2303.11721698,1397.41929229,1286.74503683,1378.97526798,1130.03689622,930.203581209,4454.5901276,3898.92570612,1371.97822869,920.645853102,1660.16210857,405.858937894,2439.68256391,1487.70960216,1940.17880514,536.944385709,2286.51072594
B39, 34.4031075015664,-1.07905762487364,3914.60701822,3191.26599205,2530.2197328,2272.38493588,1487.04587499,1305.27089814,1397.48762824,1149.94843989,945.816362463,4431.67871713,3863.59458773,1273.79715427,1019.21335671,1729.77351407,455.128119106,2489.9299186,1506.38026842,1941.85491516,600.816846503,2288.79970473
B40*, 34.403574205935,-1.07924333490302,3938.43472678,3190.85319699,2515.97308936,2260.3710315,1538.89129513,1322.08484252,1414.09058256,1167.91320345,962.256220304,4423.24729993,3848.19976206,1220.1241191,1074.71941916,1772.12171204,486.686534261,2522.07488906,1522.85910306,1948.46081263,642.72778016,2295.40760808
B41, 34.4040834903717,-1.08212284455603,3772.98400849,2919.56497039,2208.15784303,1957.98009718,1628.78627654,1142.68259716,1231.10566642,1000.0193036,795.726376483,4126.86512605,3536.99420042,1001.84163352,1250.03763418,1754.58545131,810.963016587,2415.80651057,1336.75817344,1709.45799918,678.909563754,2053.81218698
B42, 34.4036204740405,-1.08225659586934,3723.50031181,2884.51044734,2185.03243959,1932.29060405,1581.55064351,1092.77131344,1181.63724979,948.999093769,744.12637285,4099.2970791,3515.81918917,1042.46263502,1212.90774508,1701.58168095,815.36306282,2362.95806644,1287.71751087,1667.35470766,631.383025325,2012.42405539
B43*, 34.4032154604793,-1.08240308539621,3678.24184078,2851.31475678,2162.43872321,1907.54479517,1541.33295217,1047.35292953,1136.56010687,902.72104743,697.436704641,4072.42467435,3494.60351605,1077.69761792,1183.2349193,1654.83346321,825.32101599,2315.32690939,1242.96793474,1628.3627377,591.499471798,1973.954701
B44, 34.401383176446,-1.08317676451907,3466.41376767,2695.07418515,2058.67880032,1794.95410136,1369.5389986,836.838314684,927.502434132,688.236546048,481.441765508,3943.72272016,3393.06812149,1244.49112661,1073.98298959,1443.18126601,913.554169685,2094.52178502,1035.24716308,1447.83107863,438.478081444,1794.77445319
B45, 34.4017435982823,-1.08369702004002,3460.52842385,2655.46870351,2003.01105112,1741.17188374,1426.83558691,829.734983563,918.738746334,686.491935621,482.763221771,3895.26653516,3337.51373265,1191.95237181,1142.71615161,1479.49050716,967.102963475,2106.15834454,1025.07659834,1418.49247244,504.300361712,1764.96914055
B45, 34.4017435982823,-1.08369702004002,3460.52842385,2655.46870351,2003.01105112,1741.17188374,1426.83558691,829.734983563,918.738746334,686.491935621,482.763221771,3895.26653516,3337.51373265,1191.95237181,1142.71615161,1479.49050716,967.102963475,2106.15834454,1025.07659834,1418.49247244,504.300361712,1764.96914055
B46, 34.4021167606115,-1.08329811278646,3520.68301056,2712.09900533,2050.26121349,1790.11530513,1451.12102791,889.798582088,979.02024453,745.631852536,541.004757262,3947.48364338,3384.5596457,1162.20213778,1144.11523814,1523.44517478,920.496838624,2162.3267858,1085.51311075,1478.1270979,515.287062853,1824.45737817
B47, 34.4042393937707,-1.0824074432081,3767.0091995,2898.42922117,2180.15213494,1931.28906085,1652.35935368,1138.07131517,1225.65659643,997.700464723,794.965889971,4100.93341008,3507.96947085,972.773854415,1280.72620941,1767.77004232,845.800084265,2418.0969328,1330.53378081,1694.49404656,702.192189586,2038.05074901
B48, 34.404274597764,-1.08281271968775,3742.56033384,2859.6213554,2136.62745206,1888.55129138,1666.53658193,1116.01040204,1202.57220786,978.42880945,777.921541384,4058.58956415,3463.88697423,951.456171375,1307.16550655,1766.95306957,890.508508905,2403.24111059,1306.50538993,1661.31943464,717.1481886,2004.0305912
B48, 34.404274597764,-1.08281271968775,3742.56033384,2859.6213554,2136.62745206,1888.55129138,1666.53658193,1116.01040204,1202.57220786,978.42880945,777.921541384,4058.58956415,3463.88697423,951.456171375,1307.16550655,1766.95306957,890.508508905,2403.24111059,1306.50538993,1661.31943464,717.1481886,2004.0305912
B49, 34.4042598456144,-1.08346505045022,3697.64452918,2793.97190808,2065.14832043,1817.95621671,1684.03228169,1076.64207752,1161.3863985,943.923415324,747.946901018,3988.37034654,3391.85112063,928.33894519,1345.2486798,1760.13999544,960.840538146,2373.5786214,1263.63964321,1604.04602486,738.974616756,1945.33902255
B50, 34.4037995114922,-1.0836547828039,3643.98377509,2752.29735427,2034.91807182,1784.95016587,1641.29122076,1021.79292004,1106.81555284,888.636892714,692.620853224,3954.22039913,3363.98883884,971.295718318,1315.65779264,1708.05440291,972.003771363,2318.2241093,1209.38597483,1555.22010976,700.147633678,1897.4387232
B50, 34.4037995114922,-1.0836547828039,3643.98377509,2752.29735427,2034.91807182,1784.95016587,1641.29122076,1021.79292004,1106.81555284,888.636892714,692.620853224,3954.22039913,3363.98883884,971.295718318,1315.65779264,1708.05440291,972.003771363,2318.2241093,1209.38597483,1555.22010976,700.147633678,1897.4387232
B51, 34.404049962759,-1.08373925727556,3660.76426884,2756.24382344,2030.73432336,1782.5512085,1670.6726349,1041.30461911,1125.56295891,910.005303554,715.666230529,3952.65385972,3358.38932414,941.951160355,1343.68906583,1735.53091632,986.055066668,2340.58990093,1227.39416373,1565.68997601,729.378363995,1906.94614272
B52, 34.4042367115617,-1.08422196849701,3646.09872797,2717.9274551,1982.17065517,1736.06594453,1707.34346063,1034.86619815,1117.01633584,908.889896246,720.150081031,3906.81207654,3308.19663584,908.719792277,1392.34084895,1755.29387579,1042.69980634,2340.88038429,1216.85698565,1538.75959071,771.517849444,1878.02684131
B53, 34.404208548367,-1.08503386178058,3591.87384785,2636.73401858,1893.20794831,1648.38283917,1736.1985136,995.69269823,1074.39415363,878.400280021,700.064124863,3819.35123512,3218.44271894,896.402837382,1446.31778552,1754.20677572,1130.82144625,2308.35422524,1171.00469318,1470.6108601,814.384257894,1807.15538897
B54, 34.4045079499483,-1.08539153724141,3597.30266893,2618.03180022,1861.82756326,1620.10297547,1782.14042737,1013.37123543,1089.71288349,901.494633173,729.350290174,3791.02460199,3184.30941162,859.26657281,1497.42805388,1789.78301986,1176.14157335,2328.15484755,1184.0081296,1466.1700564,864.133451279,1799.87242279
B55*, 34.4041321054101,-1.08584374355074,3534.75397217,2553.72587765,1803.4253264,1559.64714932,1764.23431267,958.338216945,1032.92152999,851.133475637,685.923158957,3730.67615982,3128.13070318,898.469206918,1499.70361812,1752.4043451,1218.18933596,2273.84757136,1125.65662531,1401.22396371,860.248298201,1734.59276078
B56, 34.4046434015036,-1.08614879002217,3564.24036791,2552.70892487,1783.77930986,1545.05048722,1830.0819565,1004.3380089,1076.2254705,902.776378246,743.601649474,3715.31503276,3103.75972536,841.566947825,1564.47872603,1812.56647537,1261.6591595,2319.65434354,1166.20025198,1420.50551781,925.893337103,1749.67494062
B57, 34.4048583135009,-1.0870317485362,3533.3635434,2481.47761575,1695.44381812,1461.3004042,1894.95795392,1009.22825876,1075.1656253,920.763376768,778.184443182,3629.61913716,3011.34008255,825.357883683,1649.34563015,1850.03969233,1362.62901429,2319.88859769,1159.24043152,1377.12265198,1007.06206158,1699.42220178
B58, 34.404811039567,-1.0887038044224,3437.54145428,2323.48823809,1516.14922579,1287.8619342,1983.07535429,995.08020889,1048.43291425,933.19379679,825.668018469,3452.29560788,2827.74675901,875.530420315,1780.94955531,1884.73281073,1544.32524411,2282.30847848,1119.8646397,1268.77766406,1135.36551837,1576.78381871
B59, 34.4050189107656,-1.08932227714464,3426.31952426,2280.80650282,1458.49324326,1235.62922891,2039.86439845,1023.50695838,1071.81464496,971.240703698,875.276783023,3395.5951682,2764.97068788,880.312600993,1848.13208643,1925.96932999,1616.09475275,2297.0273045,1137.87987587,1255.59086916,1202.62671438,1555.20939418
B60, 34.4044184312224,-1.0895586040863,3354.89916301,2220.5580378,1412.32565914,1183.27272864,1999.64438969,960.664730567,1006.45909133,914.471477515,828.800667958,3348.11673454,2726.16471127,951.95144305,1826.22922885,1870.30881619,1631.4685642,2227.97659695,1070.32818359,1184.25486027,1181.88954112,1485.42629434
B61, 34.4048291444778,-1.08994376667913,3376.6646948,2212.6747379,1386.3211648,1164.43799181,2061.67101208,1012.70707096,1055.54251442,971.304233555,889.872817113,3323.47214369,2693.00827009,929.936507922,1888.14548253,1927.298033,1680.61266458,2269.81844479,1115.96643623,1206.14201029,1243.55204742,1499.27216516
B62, 34.4046635180712,-1.09013752121112,3350.6913435,2184.39613741,1359.85099701,1136.88725612,2059.38591949,998.784719528,1039.68857362,961.343627813,885.587231234,3296.86132722,2668.20049536,956.372537098,1893.75836922,1917.13160259,1699.06578826,2249.9304654,1098.1809245,1180.41330144,1249.91566212,1472.13355274
B63, 34.4048298150301,-1.09080560551387,3335.85038554,2136.68967683,1296.58449819,1080.06303176,2118.81994906,1034.37680445,1069.66592231,1006.90068818,942.766316838,3233.89715528,2599.27300842,978.585552793,1964.11646483,1960.82444548,1775.28410648,2264.7211293,1121.94800513,1168.98936227,1321.25546328,1449.5379345
B64, 34.4043198600411,-1.09168554572642,3244.33597128,2024.82231055,1184.97773392,966.987734929,2136.56669458,1012.07087683,1038.15583324,1001.86176516,960.862390696,3122.26096422,2491.91111753,1080.6365718,2011.2988838,1947.64142891,1864.74096209,2206.92735472,1080.69700126,1083.72095044,1373.35502531,1353.00801768
B65, 34.4041418284178,-1.09154475530972,3232.44653697,2024.80892541,1192.99783442,971.24506804,2111.35130797,987.901463237,1014.71127405,976.852369679,935.699824441,3129.98116348,2503.45359619,1087.83861397,1987.2972107,1923.09134996,1847.0169712,2187.02435809,1058.24986056,1069.54419794,1349.87351657,1342.79387233
B66, 34.4038159400225,-1.09172510112804,3191.21026123,1986.76224382,1162.45482844,936.844365383,2097.28336362,962.025775484,986.038354773,956.521573213,923.551073869,3098.71718043,2477.13341631,1129.06688715,1984.41263871,1898.94933545,1863.56713302,2150.95976486,1026.78100379,1028.91501955,1349.77910605,1301.38686375
B67, 34.4042568281293,-1.091961427881,3225.842525,1996.55423775,1153.78898478,936.859091891,2151.39915259,1017.45089283,1040.83431978,1011.97430924,976.871038191,3091.09433131,2460.45493908,1104.43012488,2033.03003972,1954.52064744,1894.44708191,2200.46037346,1080.38272468,1068.43541232,1396.44830955,1332.93133856
C1, 34.3990090861917,-1.08690905955538,3000.8684296,2216.42480347,1651.42901078,1378.76028836,1342.75938606,381.778599448,463.778078726,271.106220869,167.015001104,3489.1978035,2975.6644568,1471.20742812,1256.86354976,1210.1953355,1374.3794793,1694.24166401,565.50961698,957.071059762,662.049673269,1304.02727064
C2, 34.3987465649843,-1.08667273240616,2993.80290399,2232.82981113,1680.89736082,1407.66173253,1303.51576694,367.496112435,452.963517752,245.428432056,127.85685226,3511.02648049,3003.02943507,1498.81042188,1220.85609618,1175.65448916,1357.59322835,1674.61350014,557.325300001,967.454302093,632.004521318,1314.08820693
C3*, 34.398944042623,-1.08628187072587,3037.93388762,2280.8051318,1721.54246289,1448.86244882,1293.47273988,408.899729474,496.184458778,277.682842454,120.07206815,3557.14606444,3045.61005755,1475.36050752,1190.75082894,1188.10445797,1309.57300253,1709.62279556,601.720585445,1016.13539709,592.050173058,1362.77883944
C4, 34.3991787359118,-1.08530940932772,3126.29587026,2391.84399262,1826.6354243,1554.77753564,1252.20430068,495.928870749,586.476689179,349.769602098,147.173356524,3667.91279818,3152.91140471,1451.07107339,1107.16827834,1198.54054298,1198.56738155,1773.14374466,694.283194421,1125.16448765,491.536798605,1471.46604136
C5, 34.3995260819793,-1.08616119300991,3097.12420224,2313.34379225,1729.18875648,1458.1959133,1337.44969733,470.9824742,556.609733593,343.386397264,177.666669014,3580.21602784,3057.46469193,1410.44503726,1208.67058412,1249.38819042,1279.03651731,1775.08446343,660.69826709,1057.50706068,593.049813562,1404.48265204
C6*, 34.3995716795325,-1.08674480380824,3061.79265837,2253.55266011,1664.09891481,1393.15197066,1380.16410266,446.444793464,527.380841518,335.051012313,205.719636514,3517.00386432,2992.51067077,1407.63661389,1268.19118914,1266.87585727,1340.76142914,1759.38727934,627.883549663,1003.49012305,657.001922523,1350.31429561
C7, 34.3999374657869,-1.08671798654255,3096.20805905,2270.01330196,1664.76216851,1395.16019594,1410.83856985,485.26499029,564.918615274,375.801199535,240.68528568,3526.85416518,2995.27808861,1366.86609113,1285.02625556,1305.97718625,1328.87033981,1799.10932011,664.157908287,1027.23102375,665.620453939,1373.62572144
C8, 34.4000631943345,-1.08625538867195,3138.17142861,2323.12803752,1715.6020678,1446.53840791,1392.39069035,518.715752931,601.605047885,398.272708045,238.265499965,3579.95055051,3046.76949288,1350.90480179,1247.64233934,1310.01266239,1275.65742709,1828.14823259,703.328092545,1078.28155045,621.768615068,1424.89733011
C9, 34.4003247097135,-1.08646858596024,3147.31728365,2311.0511389,1691.12247981,1423.14876961,1429.77813941,535.539905375,615.833881991,422.182438808,272.015911627,3561.90868336,3023.38143091,1322.53379914,1283.02773176,1342.79140333,1293.35472927,1848.46376696,715.332412251,1073.90925854,654.528464926,1419.89289814
C10, 34.4007609039545,-1.08674379816078,3168.67282893,2300.40297007,1660.31932837,1394.44282813,1487.07627035,570.669691376,647.116794742,466.693538094,327.242598487,3541.25395611,2993.94699253,1275.66194862,1334.78132346,1396.20658642,1315.85917292,1885.99819398,743.150771728,1076.67653632,702.11674948,1421.07272605
C11*, 34.4012644886971,-1.08717253916377,3187.49072763,2278.5535415,1614.21574496,1351.26833389,1560.23208272,612.747519943,683.706838058,521.31469892,396.23617044,3506.3735539,2948.65506581,1223.89847347,1405.3339128,1460.92163409,1356.70521736,1927.4417045,774.630876534,1074.22165946,769.671798656,1415.49963376
C13, 34.3980052694678,-1.08879498306476,2786.84219226,1983.11648816,1461.05168979,1186.2304438,1410.62605129,243.727813244,292.049518482,248.45559346,329.539276577,3266.26568967,2772.30827879,1609.44573,1413.06042291,1175.57557923,1607.44840607,1534.00523664,372.717706866,719.522105533,863.606944844,1066.4760103
C14*, 34.3985547870398,-1.08952944033705,2791.50546187,1923.97143114,1369.605824,1095.2448747,1512.396299,328.333167752,357.842480588,350.349786054,416.41443037,3193.56732883,2686.79941848,1567.88815581,1509.49014677,1266.63670689,1668.71059946,1580.74675456,418.964438522,681.899690449,946.738965686,1027.17064262
C15, 34.3977963924408,-1.090406363984,2667.84091174,1804.97546283,1291.32822856,1016.45915008,1537.2283566,317.387910321,311.904984847,394.274690031,509.016630003,3085.59200518,2595.66830377,1675.46778282,1579.22976138,1243.20000178,1785.48532277,1486.31618329,341.682747365,553.68799997,1043.21102473,899.596839308
C16, 34.3972187116742,-1.09034636042456,2617.47383171,1793.1859203,1314.74095696,1040.55155099,1495.13248313,272.513873703,254.724973503,370.48465694,508.772166779,3084.96048242,2608.85992364,1735.13598628,1557.96262326,1186.2203795,1798.64976779,1422.88046664,277.596842306,526.147753856,1040.44799358,873.116393469
C17, 34.3968167155981,-1.09022534765578,2587.71977615,1794.86545065,1341.00157294,1067.61068233,1459.37636955,238.563097809,211.48912408,351.09864722,504.883340523,3094.0972108,2627.6776252,1774.51315633,1535.92199932,1141.91165767,1800.84025169,1379.65871652,231.002148277,519.039448384,1032.15474768,865.046557872
C18*, 34.3957833945751,-1.08989951823755,2514.56878198,1806.33967771,1414.86563906,1144.48072018,1369.05224973,178.093361965,112.100417628,325.994665493,513.107607545,3122.30520071,2680.79273276,1876.88776765,1482.87713125,1027.97649202,1810.48363154,1269.90576771,111.284768585,521.520412974,1018.77931589,857.2809815
C19, 34.3955862522125,-1.09049620171322,2458.04269721,1737.19862326,1362.52976296,1094.23584804,1417.01116371,246.206685473,170.780269522,395.81032658,582.067220203,3054.99455491,2619.36224936,1914.42062657,1546.56980677,1053.05388693,1880.02329215,1240.63001355,120.755504704,452.551025953,1088.51050014,787.420264487
C20, 34.3952593579888,-1.09048715089735,2429.0382684,1732.37418215,1378.72288271,1112.08932854,1399.78741839,252.462583514,168.866614641,406.476100751,598.565519839,3054.60802116,2627.24071738,1949.27476895,1542.52934212,1025.26604506,1894.05957524,1204.52332287,96.5790090466,449.7119708,1097.34877598,778.489272969
C21, 34.3970587849617,-1.09076839660779,2577.04631416,1743.22405315,1275.23672205,1001.70076039,1524.76823402,304.635830351,272.90601281,413.954012236,558.054040052,3036.48223355,2564.37043088,1765.70649986,1600.31485277,1199.32062716,1848.80214866,1401.75893581,275.98355038,476.412087028,1088.88975641,823.385155436
C22, 34.3962008133531,-1.09128529866738,2465.723442,1664.40855702,1254.77619141,985.262642617,1526.46906185,333.963999794,272.597016038,469.799703089,637.25373554,2971.23633155,2521.11842196,1874.11144753,1641.50519776,1162.4132585,1935.23459825,1304.34087249,231.247878053,384.177300595,1159.37284757,729.344867558
C23, 34.3961813673377,-1.09162721826888,2443.5824499,1626.84901086,1220.73234325,952.14495415,1559.11275977,371.567574121,308.078388155,507.86260943,674.166702254,2933.15785187,2483.97328613,1888.39186778,1678.92679602,1186.69122778,1971.56046528,1302.11832879,259.216747423,347.977803551,1197.17101314,693.930526179
C24, 34.3961535394192,-1.09180488236018,2430.55474396,1606.90116949,1203.94730292,935.997304108,1575.27708133,390.979127962,326.223942228,527.813251229,693.965266409,2913.23724459,2465.01552967,1897.92495943,1698.137735,1198.18002685,1991.14868542,1299.43235077,273.616985839,328.557869782,1217.16259624,674.781195413
C25, 34.395471252501,-1.09144486115291,2388.03642919,1631.085072,1272.71918915,1007.79504762,1506.02928729,352.462580379,274.955347576,500.981290431,682.841854838,2949.05713596,2518.19695025,1956.71804265,1650.51622267,1116.22611936,1981.94543787,1223.06610667,202.534635021,346.337600356,1193.86819653,683.093904524
C26, 34.396097548306,-1.09212568334375,2406.72555884,1570.74174817,1174.16654911,907.53792269,1604.40135688,426.128288926,359.344929729,563.905406,729.923136632,2877.22736306,2430.93726652,1916.14406017,1732.79583427,1219.035868,2026.75942933,1294.71287987,300.933525445,293.420500936,1253.37284699,640.047309538
C27*, 34.396187402308,-1.09266504458585,2385.13875466,1514.72017337,1115.790614,850.481496054,1662.72461243,486.63266523,420.059722257,622.864480926,785.041259284,2818.08821743,2370.13964449,1929.00207468,1793.53150871,1269.44859109,2079.78847559,1309.38270325,358.863610966,245.50169265,1310.82197717,592.091301386
C28, 34.3960180878639,-1.09301467397821,2349.70902939,1472.49407186,1089.70361391,827.231806546,1690.0069514,524.485051156,454.830003217,663.149369498,827.444686746,2778.00781012,2335.26755438,1961.50492464,1830.0321657,1285.90367899,2122.71759446,1295.22030724,387.269843523,202.683703132,1352.26822158,549.03515633
C29, 34.3961035832763,-1.09345112403501,2334.99000265,1427.67318289,1042.4671003,781.521078323,1738.16239711,573.346701089,504.251045801,710.715878467,872.081410333,2730.23871181,2285.8159961,1972.63706939,1879.30521597,1329.04546745,2165.417508,1311.89341137,436.119842864,171.503045804,1398.60242097,513.15290977
C30, 34.396361745894,-1.09382824096847,2341.34914003,1394.67205414,991.915278814,730.706298481,1788.17539732,617.120245961,550.632200282,751.08238713,906.808600996,2690.62103648,2239.40110111,1964.80306208,1924.26571438,1379.64089282,2196.18409189,1347.70792644,485.407951778,170.532753461,1435.94287277,496.919591954
C31, 34.3967982754111,-1.09499981727271,2330.55515616,1285.32085754,854.458194001,596.587295123,1926.89471225,752.083927833,688.268110937,881.322293676,1027.6324883,2565.46356107,2102.78051576,1983.72800136,2059.7194646,1511.62786911,2306.96293878,1425.53190288,624.420952077,207.467301943,1559.9952107,444.435854403
C32, 34.3978228792548,-1.09625217987727,2386.71334707,1202.17873972,677.719619973,416.822024527,2101.02319133,910.495503703,853.531670221,1029.60267437,1158.81093732,2442.31859734,1948.80499497,1963.53844146,2215.24646502,1691.49077465,2414.74619885,1576.67917688,797.186427486,368.615652438,1693.00721578,493.12033853
C33, 34.4023236259818,-1.08728584209262,3278.79991285,2317.69889751,1611.3084901,1355.63648247,1665.13746068,726.341055126,793.965847089,639.377774874,511.115221059,3521.78441336,2944.52114644,1108.41349015,1483.85147471,1578.60566589,1363.37859357,2038.80010719,881.065674118,1145.22856366,840.9046431,1480.7273028
C34*, 34.4027051702142,-1.08756038378722,3298.29290969,2310.15029869,1586.68117797,1334.37635335,1717.33138153,764.387686488,828.916524902,683.490748389,561.227629537,3503.22333489,2918.35653888,1070.83806614,1533.87975867,1626.67256814,1394.26961483,2073.49598322,912.839172339,1155.10889665,890.166916288,1486.84736468
C35, 34.4024017453194,-1.08853217402928,3213.35475975,2199.03360623,1474.94062512,1221.56989567,1751.0611923,726.672684548,781.693499315,667.547908714,577.719337954,3390.09343794,2807.39548096,1126.06178215,1601.38647661,1622.03310119,1501.9331471,2020.2357302,856.749658764,1059.21654131,963.0424614,1386.11349737
C36, 34.4023806229234,-1.08901857185624,3184.10992996,2150.56756676,1421.04417967,1168.2684704,1781.87051567,728.260398364,777.818242912,680.449766568,605.684542404,3337.32115235,2753.34601915,1142.96813404,1645.00086193,1636.4260649,1556.02072994,2009.85657319,847.512373273,1024.18136349,1009.14520771,1347.05577161
C37*, 34.4017888605595,-1.08887476437457,3135.31569852,2133.3554144,1429.3365431,1171.25736781,1720.35568363,661.171288569,712.098037247,613.012932921,543.574517429,3335.86291771,2763.47114613,1201.70036571,1596.20252671,1569.00759304,1541.55877972,1947.00881515,783.890618925,982.372090124,965.179259093,1310.9643274
C38*, 34.4029093533754,-1.08919891782589,3225.48690009,2162.66951144,1410.663526,1163.36489591,1840.68680401,789.002056235,836.958609715,742.556842621,665.335146932,3334.25682696,2739.95736026,1093.22668196,1694.44940973,1698.53413376,1577.06167552,2065.55519369,904.446736477,1060.56537168,1055.52355276,1377.55265782
C39, 34.4026920944452,-1.08987571793915,3168.36268747,2085.76142274,1332.31105982,1084.37677116,1868.51493548,778.462924501,818.598451743,747.755706029,691.884973741,3255.2383201,2662.35337627,1142.22714258,1743.83827042,1701.78633528,1651.63294175,2033.62760174,878.285234264,999.717089787,1109.57502932,1310.87547246
C40, 34.4022512063384,-1.09083946226586,3075.61337051,1968.79714517,1218.61214647,968.122439404,1902.36157364,763.598366258,791.103209628,757.01434121,733.090389651,3138.60684884,2550.45721343,1230.60714861,1810.56753732,1699.49933821,1758.57683941,1978.08414616,837.898541668,904.806125851,1185.56878491,1206.66920644
C41, 34.4015722721815,-1.09202813571287,2950.05273692,1816.69438043,1078.00097944,822.140755111,1942.90276192,757.486552285,767.209221022,782.042747181,797.376311713,2990.82777093,2412.01817801,1358.90440501,1893.22405149,1694.9589936,1892.94115277,1902.33523637,794.962341296,782.161745843,1283.37156756,1069.37002047
C42, 34.4007592275739,-1.09228993879753,2855.85843196,1745.2366829,1043.66612014,779.474487422,1905.02753455,701.658175894,702.166557457,743.137158826,782.553495042,2939.65039128,2377.63687717,1452.04104278,1883.06566285,1633.50975427,1928.49556948,1813.21632526,720.730210095,687.339924961,1287.24344588,978.018673749
C43, 34.4001460075378,-1.0921380863069,2801.76154976,1727.16511148,1061.64717121,792.477285802,1848.69332126,638.869894329,635.643923035,688.62444547,742.074600542,2940.40158048,2392.74775275,1504.45676545,1842.18535016,1567.34074786,1919.41942499,1744.3350383,651.478206891,631.160422658,1256.56775387,932.825795805
C44, 34.4002214446664,-1.09148139962005,2842.16601258,1795.91186654,1134.24061659,865.631229245,1797.77719145,599.340074652,605.75388956,635.669657217,676.56449917,3013.50088199,2465.87180487,1465.20205758,1777.22383629,1534.93282443,1845.9301545,1751.16308378,633.324053927,672.382532895,1186.51618661,985.497221624
C45, 34.4012011215091,-1.08933132796403,3053.2382433,2058.43483782,1374.10215832,1111.84137552,1703.17389619,603.722849739,647.893153706,572.011526753,530.17247225,3270.91026002,2708.57011338,1278.54666716,1607.28287504,1525.3809404,1596.43188839,1875.28977125,713.974307861,899.675507491,986.434736311,1228.978385
C46, 34.4005141407251,-1.08977314200309,2962.50202199,1980.89186023,1323.42243735,1056.61826985,1680.84296647,541.713067268,577.183583919,530.598883756,522.076746855,3206.0097032,2656.44428259,1366.07992112,1616.26056079,1474.36472235,1653.36607068,1793.71415244,636.051417597,809.652474946,1009.42253429,1140.72522478
C47*, 34.4001936167479,-1.08999471942923,2919.30161671,1943.54403099,1299.55474973,1030.85954076,1673.24413252,516.333571451,546.584168323,516.705555015,525.184723067,3174.48287087,2631.1258294,1407.60155152,1623.74125247,1452.64414385,1682.64727183,1755.80192968,601.008288937,766.585237401,1024.40400036,1098.42732821
C48*, 34.3997047841549,-1.08958408046472,2896.21900123,1963.66660419,1348.13651228,1077.10628387,1602.65904885,449.645177266,485.088517238,445.740224572,460.023360331,3208.7098305,2676.66444923,1446.08732996,1560.25340023,1383.89376197,1646.533573,1706.72496045,546.396143034,758.84313516,968.402491089,1097.53206297
C49, 34.398899115622,-1.09131379196898,2721.55407002,1751.70624555,1167.6001084,893.351624225,1691.18202952,475.11071003,469.45982675,537.242996099,618.415793568,3003.59176639,2486.71809403,1593.12538502,1710.02953494,1401.16183125,1852.73951775,1604.25353227,488.321309856,561.957497895,1147.30836682,893.070902102
C50*, 34.3994197994471,-1.09199629026568,2736.70820032,1705.42029001,1084.23446034,811.253312456,1786.62852486,569.820369512,560.567558626,631.777317471,704.363922867,2939.30757098,2408.93723202,1570.12125952,1800.13145148,1491.89270969,1916.12021635,1663.05056448,571.609235751,566.575920174,1228.66161862,880.728346743
C51, 34.3992182984948,-1.09236133963484,2698.34778269,1659.16457372,1047.02256694,773.196084042,1806.0081321,585.25727009,568.832974125,656.913889708,739.369646418,2895.21960605,2368.96280856,1607.84517801,1831.79036456,1497.65870963,1960.03762674,1642.5975519,571.032834615,527.54736661,1266.51887349,837.142441963
C52, 34.3988793343306,-1.09227988234144,2668.85248775,1651.92283996,1062.14351123,787.556832519,1776.8299344,554.786821851,534.906332423,632.658109083,724.21894101,2897.36214446,2379.50893426,1637.91151795,1812.12001002,1462.17083892,1958.32713079,1604.45208089,534.087394562,498.76637439,1254.2609077,815.052676069
C53, 34.3975150957704,-1.09122361904885,2593.47106902,1708.90645111,1211.84866953,937.608338208,1594.73761726,373.011457991,344.533861611,472.747215526,601.615113689,2991.61756342,2508.28335664,1733.62864539,1660.30663716,1270.34405173,1881.51654097,1450.55468285,343.911994218,461.659455084,1135.33531756,806.262631482
C54, 34.3980461731553,-1.09137446593974,2635.78951179,1711.62992085,1180.1601535,905.287591261,1641.36153686,418.822891692,398.541751322,505.024178286,616.400587247,2982.47503819,2486.02375038,1683.96369231,1690.40179651,1327.59450963,1881.50952909,1509.36909512,404.053739764,487.529540158,1150.40155537,827.008096605
C55, 34.3976300954819,-1.09076403880795,2631.0401772,1761.49824192,1257.51256057,982.877170504,1559.22173524,336.699277012,319.319873593,426.389726652,549.696267516,3043.87197436,2557.81546314,1705.06282743,1613.38922191,1250.32316906,1828.90113484,1465.20478555,334.799981406,510.456076115,1083.65333789,856.091664023
C56, 34.3968210741878,-1.09232178424161,2465.24764929,1569.76691946,1121.90295991,851.57629121,1660.6291802,459.521042933,405.110175693,583.82753474,732.736239758,2862.00597297,2396.6753526,1849.32094318,1765.61796873,1291.47014552,2021.08462826,1376.35192551,363.783424483,318.043121747,1263.45650392,661.862341379
C57, 34.3965149670839,-1.09294897181361,2401.66106207,1493.40460427,1071.57501199,804.980693739,1707.02989529,521.87551397,459.557242552,652.968807985,807.600376616,2789.47574808,2332.91165398,1907.96375701,1829.51101531,1317.35544612,2097.93612665,1349.08873621,403.525980422,243.336153141,1336.78253171,585.083843534
C58, 34.3968532606959,-1.09302540086207,2430.79625702,1495.76277053,1048.35795442,779.708576095,1731.52762768,536.678752555,479.215091889,662.147890575,809.353370341,2784.48518339,2318.73904838,1877.14050057,1843.43285779,1349.35975399,2094.61889776,1387.45769507,429.834531409,265.409959263,1340.87729373,600.689287708
D1, 34.3905537575483,-1.09223027049087,1897.04304551,1541.69880245,1533.57492957,1314.31226229,1454.40611283,735.005589351,647.727054028,881.280945141,1088.40176693,2890.49213672,2598.91975904,2505.14342527,1780.73002547,915.473262357,2323.05942073,681.554154573,545.814780174,555.592741213,1500.2423106,648.858018446
D2, 34.3902499973774,-1.09231742644402,1865.05932503,1538.32096519,1551.8423021,1335.97528305,1462.36044396,768.019144894,681.231381601,913.356219883,1120.38984213,2886.07304429,2603.76563753,2540.27695229,1798.23608756,916.880517273,2350.30295928,649.381421248,579.92762629,581.651855807,1527.28013279,658.450520529
D3, 34.3900387734175,-1.09249475527936,1834.39803153,1523.75087837,1556.34082482,1344.0608903,1481.33741352,798.593417953,711.679682134,944.018946414,1151.05320339,2870.45256504,2595.63782525,2568.31988382,1823.24961946,931.389884688,2379.95142401,629.405278094,610.095267425,595.280879317,1556.88406113,655.587834391
D4, 34.3896810337901,-1.09284103254011,1779.14067876,1495.22306542,1562.08353891,1356.52722918,1519.46057199,853.402816645,766.143553871,999.220183589,1206.28078439,2839.53322117,2578.05704156,2617.42641779,1870.91373248,962.759761595,2434.37862231,598.917103149,663.91931015,619.579601664,1611.27520713,650.124402596
D5, 34.389419183135,-1.09263722172739,1772.14633094,1524.40826898,1598.9698881,1393.21444714,1497.19196322,864.192883518,778.307640587,1007.66257038,1214.39344759,2867.25959037,2611.27644346,2638.88342281,1857.3449617,936.533245217,2433.13388644,565.197104181,677.998696855,654.298908184,1610.08468884,686.343633194
D6, 34.3892931193113,-1.09227083153092,1789.26393824,1567.38130389,1635.63586562,1426.91612609,1456.86494007,854.10296676,770.074757846,994.568378588,1200.65401245,2909.93909753,2653.99701211,2641.31924974,1822.58999817,894.496218142,2408.92031112,543.462069678,672.432211788,681.483933828,1586.19922135,726.348885939
D7*, 34.3890051171184,-1.09221686188246,1770.14712544,1581.70092846,1664.16893111,1457.0853531,1452.29736945,878.677242886,795.639253892,1017.42188297,1223.01133046,2922.19342715,2673.72201375,2670.66332382,1826.86102975,885.716061707,2423.69609717,510.894143311,699.301895367,713.494528364,1601.44044015,751.858467813
D8, 34.3887429311871,-1.0922212196802,1748.91302317,1589.51509577,1686.55798698,1481.48588392,1454.69446922,904.342368123,821.940610824,1041.93146401,1247.13588151,2927.80865467,2686.61823018,2698.95683035,1836.84962962,884.641039868,2442.10233394,482.234273521,726.395496839,740.602175518,1620.32552804,771.205725617
D9, 34.3880381807685,-1.09235128317899,1683.50610598,1600.56041664,1739.85480447,1541.28364357,1477.0500488,980.279854667,898.933820819,1115.78739849,1320.17422278,2931.50369254,2711.02113348,2778.40663562,1877.92050175,899.652199532,2502.71081304,408.483045109,804.569239088,810.148446692,1682.37604595,817.212794262
D10, 34.3878219276667,-1.09252157249361,1653.19294737,1591.17468954,1748.12924323,1552.93776845,1499.04970472,1010.35069537,928.715565223,1146.19829614,1350.66739558,2919.02891824,2706.33551912,2806.49224646,1904.44367104,920.070228337,2532.6408954,390.397966369,833.854324618,827.838877287,1712.50194433,822.984485962
D11, 34.3878802657127,-1.09201472710357,1698.70123854,1641.7254616,1776.3610725,1575.34313013,1442.34154279,979.547173953,900.198352661,1111.81129676,1314.93310821,2972.0587577,2752.26041337,2786.1912572,1849.84306697,863.385195218,2485.3894202,383.85602465,808.576263021,838.615102082,1666.44759514,855.439956838
D12, 34.3878648430109,-1.09157626554641,1733.737824,1688.19996636,1807.60294117,1602.28982397,1394.35784348,961.594362243,884.660979567,1090.08359829,1291.60091196,3019.788353,2795.80685466,2776.58748425,1805.58792355,814.903526952,2449.66665697,377.588755459,796.4314264,857.648787102,1632.23714898,890.632705834
D13, 34.388087131083,-1.09165939893525,1743.37105222,1671.37179199,1782.51277363,1576.46543103,1400.05708788,942.395712593,864.495448284,1072.54801201,1274.85445826,3004.97368598,2775.91975951,2754.59390108,1804.54368006,822.542692836,2440.42658659,402.656037148,775.032391905,831.279424859,1621.87241591,866.740437113
D14, 34.3883094191551,-1.09135033043771,1785.42626202,1696.30843918,1785.18823933,1574.61111694,1362.90317575,906.346618278,829.770910701,1034.64072575,1236.22092192,3032.82368109,2794.77036726,2722.83996932,1763.3868502,787.346870418,2398.26072412,427.071525714,742.333692474,822.647345357,1579.91368334,875.274017623
D15, 34.3881508335471,-1.09085052437287,1815.47938292,1754.61386506,1834.69506278,1620.69642763,1309.96849682,903.771494924,830.830971075,1026.38815384,1225.26540431,3090.93143087,2852.23442283,2728.5501206,1718.89120009,732.36640281,2368.23675314,415.06538769,748.431965111,863.460414371,1552.49548374,928.962141144
D16, 34.389223381877,-1.09118138191804,1868.61608601,1686.59823769,1721.30372394,1502.59379407,1336.10377715,805.352970071,727.614861897,936.233105905,1139.19965501,3030.32512733,2766.37321698,2619.58155395,1710.06465116,773.226809655,2318.53960925,529.463660715,639.207886961,741.386043535,1497.67623701,827.115606245
D17*, 34.3899733945727,-1.09011539699184,2011.8936323,1784.58400524,1746.26874972,1513.62282477,1216.6682325,685.876534044,614.819923782,808.095404946,1007.83791219,3132.71610898,2840.48581319,2514.10925639,1571.26794644,671.633346479,2174.00974552,630.23981784,537.319212601,742.796491912,1353.61963924,886.630126548
D18, 34.3897088617086,-1.08833406159071,2141.2722539,1984.70414433,1915.27217798,1673.34677762,1018.30090821,684.925224077,634.97429984,776.1789921,958.843032167,3332.95486116,3034.84314283,2515.06077354,1394.24052653,473.040495896,2045.23583173,679.120099166,586.876327366,904.888628213,1234.9489639,1078.99780536
D19, 34.3899988755584,-1.08798342600765,2191.86472832,2017.61886244,1925.71426436,1680.25458761,979.75690184,653.622483185,608.777027871,738.160368664,917.100008683,3366.66993162,3059.30539669,2479.24068476,1346.30042614,447.363497958,1994.77252687,727.01839602,568.199168876,914.96100788,1185.04580047,1103.18691486
D20, 34.3895717337728,-1.08636366339729,2306.25566355,2203.10029759,2098.44370261,1848.2370078,799.398695098,732.525069462,708.401100979,782.763866768,934.700519152,3551.80980823,3244.50600944,2517.32512558,1199.29344203,264.107008079,1904.14854143,802.94786847,692.170026786,1089.27683926,1116.12814443,1288.60181223
D19, 34.3899988755584,-1.08798342600765,2191.86472832,2017.61886244,1925.71426436,1680.25458761,979.75690184,653.622483185,608.777027871,738.160368664,917.100008683,3366.66993162,3059.30539669,2479.24068476,1346.30042614,447.363497958,1994.77252687,727.01839602,568.199168876,914.96100788,1185.04580047,1103.18691486
D20, 34.3895717337728,-1.08636366339729,2306.25566355,2203.10029759,2098.44370261,1848.2370078,799.398695098,732.525069462,708.401100979,782.763866768,934.700519152,3551.80980823,3244.50600944,2517.32512558,1199.29344203,264.107008079,1904.14854143,802.94786847,692.170026786,1089.27683926,1116.12814443,1288.60181223
D21, 34.3909664824605,-1.09476818376789,1766.85340962,1255.80965279,1318.45234864,1127.28568759,1739.16004579,902.435736342,810.180279258,1058.47504748,1261.88201748,2604.61360066,2322.97290547,2554.74999544,2047.60103001,1200.3495733,2537.16517792,809.770772255,701.279172037,448.605485059,1720.09565349,395.839902897
D22*, 34.3911418318748,-1.09561828869934,1735.2277174,1159.33741527,1249.2641301,1070.59620437,1834.96981885,968.721959823,876.567054481,1125.63400709,1326.34835273,2508.26311444,2229.2981806,2574.49717674,2137.42028039,1296.8203517,2609.97577843,873.173825725,768.063555711,445.266629003,1796.12342372,320.184872414
D23, 34.3908481299877,-1.09585964336777,1693.63773625,1139.07137532,1262.9389577,1091.28754939,1859.24695971,1009.06388828,916.851055239,1165.8779445,1367.08261182,2486.63698596,2219.78979508,2615.36359637,2169.37942536,1315.94019532,2649.23659864,860.528185093,808.216673842,484.309411145,1834.46532821,334.112199866
D24, 34.3912343680859,-1.09617742698489,1714.81627469,1096.32073286,1207.9914607,1038.91584749,1897.80101005,1016.25004033,924.397042693,1173.32433196,1372.18303026,2445.2578301,2168.94563021,2591.64571529,2197.19345243,1359.69589671,2659.8711455,915.944007333,816.467906004,456.693115578,1848.21423093,279.85428836
D25, 34.3907391652465,-1.09596423038473,1677.40763768,1130.22805311,1267.49432486,1098.71860526,1870.08657553,1025.46009735,933.234071763,1182.24241878,1383.58041926,2477.09850348,2214.97103881,2631.23952018,2182.97119829,1324.94835006,2665.28708067,857.29271213,824.567737821,499.462340009,1850.2351557,339.75550363
D26, 34.3905088305473,-1.09587305195989,1660.01883776,1145.86234909,1294.7420991,1126.24214428,1858.60096879,1031.62887746,939.346409851,1188.13007029,1390.44404599,2491.38651432,2235.81821919,2650.28356135,2177.75833103,1310.28141038,2669.03257957,830.597444901,830.512266901,520.766867881,1852.62677113,367.24680081
D27, 34.3903358280659,-1.09581070200603,1646.79765832,1157.23656673,1314.87738579,1146.6868199,1850.87851003,1037.26833072,944.988207821,1193.50620765,1396.4762922,2501.59286445,2250.96976891,2664.9638288,2174.73234749,1300.21326586,2672.61880073,810.989326289,836.09575632,537.322990663,1855.29422513,387.614963116
D28, 34.3905011191964,-1.09607686255275,1648.18653603,1124.0488133,1284.35063722,1119.6708852,1881.20036235,1050.69554761,958.429990547,1207.33411246,1409.21177437,2469.21505777,2216.20530094,2660.51713807,2200.16828455,1332.4538208,2689.16168504,843.457925512,849.658449802,528.55711417,1873.23184055,359.083434275
D29*, 34.3907441943884,-1.09631452982195,1659.43871058,1092.09523206,1247.94506082,1085.79661872,1909.00254733,1057.75097914,965.619584518,1214.69085717,1415.16314623,2438.58345591,2180.19025835,2647.35266845,2221.20333191,1363.29855452,2699.11222797,880.98538909,857.156891097,512.774206852,1885.03406221,324.562638764
D30, 34.3897128850222,-1.09590556779553,1581.82478715,1166.32948006,1370.477336,1208.86408016,1860.21189871,1087.96397186,995.837417587,1243.3623801,1447.72367496,2504.61124918,2275.33183468,2732.54355127,2199.94732628,1301.33247809,2717.06469114,763.187412114,887.02126295,606.941462116,1897.60033434,447.812437155
D31, 34.3903985247016,-1.0966175639432,1609.7953914,1068.71671533,1266.52382597,1113.11076803,1940.79472043,1106.9331547,1014.73790436,1263.78128382,1464.76325638,2412.09567066,2168.89432001,2696.61390899,2261.36346443,1389.90171072,2747.18217926,872.583052945,906.137809664,561.507977961,1932.13824149,352.72960233
D32, 34.3899857997894,-1.09695613079017,1551.8112407,1045.8551544,1292.05646908,1148.43001318,1977.22873311,1163.73396866,1071.48532576,1320.44332316,1522.01377939,2384.05146763,2159.13954808,2754.37612848,2307.35082164,1420.85236549,2802.46776208,864.577180987,962.758092669,619.062334536,1986.33354696,392.695836107
D33, 34.3924631550908,-1.09667052786832,1814.48212571,1026.54582918,1062.64141713,891.886443214,1968.81918979,1004.83360059,915.402022407,1160.63072873,1351.42297434,2374.93040506,2061.49510996,2495.00459855,2235.05655944,1449.22596286,2648.61184881,1059.92007768,811.489804137,369.065388037,1847.83040478,133.308014967
D34, 34.3926374986768,-1.09684316344053,1824.65451909,1006.57268882,1036.0954002,867.41908577,1990.84049241,1015.62166317,926.808243516,1170.91265058,1360.02196241,2354.14626251,2036.16371884,2487.20334597,2252.54000089,1473.51204148,2658.08959791,1086.64748653,823.859412068,367.714962617,1859.51836806,107.191338397
D35, 34.3926569446921,-1.0964851541263,1842.53742014,1046.29845136,1055.47418561,878.564514964,1951.92869291,977.697126979,888.579272008,1133.25721202,1323.33064292,2393.65080407,2071.93158958,2466.26744181,2212.68622741,1436.50194047,2620.91121074,1067.14273029,785.200595423,339.306025617,1821.20213164,128.046739492
D36, 34.393021389842,-1.0955331441311,1924.41271877,1151.78321421,1085.09348383,885.160365174,1855.19209034,864.354017809,775.25105901,1019.9629528,1210.55874773,2496.42700389,2155.16625139,2381.72305961,2104.14659229,1351.57513548,2507.78267683,1052.35391562,672.07793197,246.420641965,1707.90324635,199.909302336
D37*, 34.3924534320831,-1.09533402650934,1878.38232684,1175.04333425,1148.31840789,951.367810486,1821.94888661,869.458609555,778.697183383,1026.19426185,1221.28226991,2523.07516091,2198.85751774,2428.91593506,2087.18638586,1308.2707549,2514.80409256,985.842362101,672.744042411,296.51731328,1709.07961929,244.439699001
D38, 34.3922147154808,-1.09511580162586,1866.61747614,1200.73767394,1184.16836564,986.132548914,1793.75027403,859.914326411,768.527836023,1016.92613291,1214.1059194,2549.61212996,2231.38008956,2442.78885898,2065.78984663,1276.5303717,2504.92951186,951.442803305,661.493256626,315.960039238,1696.53350354,278.686095037
D39, 34.3921141326427,-1.09590556779553,1815.68325996,1113.97360056,1141.43056973,958.522278312,1878.96270448,943.124805883,852.237183288,1099.9166786,1295.18272745,2463.31017434,2154.97647644,2490.49441049,2154.30568002,1356.39255625,2588.47842145,982.307626411,746.008540701,355.189475059,1782.06457839,216.192260819
D40*, 34.3916594982147,-1.09555392745114,1789.06005202,1157.99832877,1205.21822527,1020.43725274,1833.6700608,932.544856599,840.754118303,1089.62317391,1288.29664672,2507.78142753,2211.29179026,2519.22339814,2121.74898683,1304.42140504,2576.51093621,919.009137973,732.959818167,388.054081214,1765.63674558,279.764563025
