house_code,long,lat,Kandida,Kater,Kawegi,Near Kibuon Maranatha Church,Near Munyu Maranatha Church,Near Umbolwanda,Shirikisho Church,Unassessed,number_of_people
A1*, 34.3947095051408,-1.08380898223452,1215.8114531,351.704889597,1047.27099304,330.609430198,1134.11601553,1083.90340472,993.396876847,219.323748522,10
A2, 34.3952026963234,-1.08270913786314,1349.73344565,476.013508559,927.421431938,409.404744294,1048.02840582,1183.0209123,1126.15041709,297.818223383,7
A3, 34.3951554223895,-1.08309798870754,1308.71973858,432.473208872,958.398484013,391.692764864,1063.70866941,1143.00972514,1086.7104733,278.631857388,10
A4*, 34.3943993747234,-1.08507743986148,1074.69632022,215.109020197,1168.77372775,320.692212052,1217.70368895,967.307213704,857.249074568,236.001453874,9
A5*, 34.3941308185458,-1.08550752196471,1018.44493031,178.751262971,1223.78221642,316.601863716,1264.95834598,938.061156135,800.998468186,248.767009928,6
A6, 34.3941039964557,-1.0860167149603,967.364551945,131.087269384,1266.91520292,348.334709942,1293.13324139,890.075259957,754.048667567,293.628113555,8
A7, 34.3937817960978,-1.08704649803081,850.415421128,113.143327982,1376.36247422,411.394115486,1380.92509047,813.840022022,643.417890215,383.759292083,12
A8, 34.3933244794607,-1.08758250802526,773.21235575,177.245062685,1454.70319412,439.535625002,1455.57267356,799.642712405,565.11450461,430.352462347,7
A9, 34.3931266665459,-1.08798309079196,723.661302829,217.123171085,1502.90387177,473.056014201,1498.20700109,782.488724846,517.564183179,471.905665558,15
A10, 34.3924152106047,-1.08743970612235,742.224080435,269.845826096,1510.81199286,394.020244866,1533.96548617,881.285907977,515.864128303,411.059316206,13
A11, 34.3927028775215,-1.08831763602417,668.058744029,276.796029534,1561.74178285,496.112673481,1558.02112131,791.973662958,458.166804033,507.131482126,5
A12, 34.3920705467463,-1.08880101694541,588.30881148,365.06876548,1648.37007164,539.422416799,1646.32259403,815.17936372,371.253169646,565.745270846,21
A13*, 34.3914881721139,-1.08804711698657,643.6759529,386.80574278,1631.13705035,455.1957933,1656.98576328,916.52842906,406.327571637,496.842740252,5
A14*, 34.3924973532557,-1.08922975765605,568.794494896,358.388458461,1654.42334967,591.865760015,1634.66959782,749.204817365,371.959167811,609.125195049,7
A15, 34.3919136375189,-1.08954083766437,506.775684846,429.424438966,1722.29167294,620.732222629,1707.5242465,786.983617406,300.10537745,649.618826431,20
A16, 34.3918221071362,-1.08987538272369,469.115935526,462.253058228,1757.46588109,657.694332732,1737.66696943,778.947295654,268.560355665,687.898554328,5
A17*, 34.3916504457593,-1.09012143086985,435.99981419,495.06168808,1790.72930752,685.061469319,1769.31496053,784.831993542,237.02360951,717.933093672,6
A18, 34.3908601999283,-1.08609247375283,841.800981372,448.401446951,1539.4612102,256.365749712,1623.86680682,1109.7852726,592.993399834,333.157976228,10
A19, 34.3936336040497,-1.08548372163169,996.057485796,209.904505006,1261.20213887,270.183480227,1313.8961458,967.708031038,772.069632611,216.312287022,9
A20, 34.3934656307101,-1.0856338983778,973.053730341,209.748850789,1286.23920479,267.238966638,1337.838078,963.346292581,747.980152545,223.852052113,6
A21, 34.3927189707756,-1.0855115445562,954.355960459,282.280989402,1338.49254469,203.897246459,1408.24150694,1021.35798504,719.720251568,195.104585473,9
A22, 34.3922160565853,-1.08586720866502,899.1345376,312.039732294,1406.66721728,218.460076669,1475.21390576,1024.55185379,660.602285025,241.694736541,1
A23, 34.3928701803088,-1.08415391962809,1102.7054942,379.442483332,1231.34097018,127.503328159,1340.52477924,1138.1708965,864.419951485,46.535806604,8
A24, 34.392561390996,-1.08395178430893,1114.26045092,417.666841755,1246.45544081,91.3653510594,1367.01126069,1175.21342048,873.008904157,29.1881123241,6
A25, 34.3930113315582,-1.08338493378142,1188.95513909,445.395241954,1169.85953084,155.223378354,1302.4597355,1204.88099265,949.610733277,51.3735712808,8
A26*, 34.3926535919309,-1.08249493466115,1273.36330793,551.777798961,1153.84344654,192.109194956,1321.59180166,1310.95558423,1029.88451044,140.646943331,15
A27, 34.392638169229,-1.08095226890069,1439.8372101,710.947645248,1085.78056051,349.169315525,1306.67938399,1465.8010995,1194.31795505,312.069607983,7
A28, 34.3923290446401,-1.0811000993563,1416.64435545,708.089454978,1123.69391549,324.815090412,1341.6390043,1465.64348073,1170.02362187,298.904510826,8
A29, 34.3918314948678,-1.08119261909356,1396.66441708,722.132335738,1179.22081791,308.018224185,1397.36922235,1481.70343291,1148.39940493,302.412633499,8
A30, 34.391692019999,-1.0813488299479,1377.09818363,714.087102839,1199.7062497,290.527219313,1413.8025457,1473.87217222,1128.5000954,291.912615799,7
A31, 34.3911927938461,-1.0806297906483,1449.31948529,810.968285123,1227.92022399,375.388094506,1466.72028687,1570.74187254,1199.37101874,387.822937782,7
A32, 34.3928718566895,-1.08043201290901,1502.00338415,757.910281096,1042.69456092,412.118372642,1280.14343179,1508.35548268,1256.92193397,370.026346137,0
A33*, 34.3926955014467,-1.07964525963895,1583.28780961,847.390061225,1039.1722256,491.532534175,1303.78509388,1596.68716348,1336.83180475,457.231046951,11
A34, 34.3928674980998,-1.07875056638865,1684.58605987,938.867459621,1003.43180538,592.805891574,1296.56121584,1682.47930555,1438.04391838,556.880487118,11
A35, 34.3940449878573,-1.07930903736556,1656.02347655,856.03131371,884.623598481,577.305448511,1158.25481331,1582.02703214,1414.74419075,515.514489396,2
A36, 34.3945411965251,-1.08073236689447,1523.00746117,694.256605921,879.839450971,475.300118837,1094.58328914,1414.60894238,1287.26212429,391.574013711,16
A37*, 34.3951326236129,-1.08179332688428,1438.52560993,576.912228467,875.853957348,447.659293233,1037.52430792,1283.24628336,1210.32307368,344.365145939,24
A38, 34.3955181911588,-1.08482066439111,1162.68232535,252.17523189,1062.88452253,430.816083732,1092.85720707,948.114662701,956.74252766,331.004360822,10
A39*, 34.3953260779381,-1.08552964621779,1085.21267646,170.70916106,1136.79560711,435.198833425,1147.81850053,880.688894218,883.786751689,348.822330493,4
A40, 34.3902523443103,-1.08560439937469,889.439730232,527.565984463,1562.09224128,246.427253695,1667.67586303,1196.20456467,638.778919479,344.276085993,8
A41, 34.3896310776472,-1.08421191201401,1043.23193313,651.083714455,1540.19635717,236.070511098,1689.34596602,1353.92479273,792.977717915,349.031232803,6
A42, 34.389313235879,-1.08359880170431,1112.64021629,715.695516744,1540.844426,272.74711132,1708.98515286,1427.60470492,863.057373472,381.089126275,4
A43, 34.3890215456486,-1.08173064142284,1321.93618615,867.026868126,1494.37303912,390.93516039,1712.8927302,1605.40062303,1072.77311177,470.565447067,8
A44, 34.3918656930327,-1.07961408449452,1570.7314889,880.534400816,1128.76245814,483.577032205,1396.02772977,1636.91975219,1321.85953797,470.75744042,0
A45, 34.390449821949,-1.07583686140733,1975.4926939,1329.00804339,1280.26124505,914.691709298,1636.57916902,2084.32015085,1724.76081841,916.668317266,7
A46, 34.390996992588,-1.0759096035007,1970.4943189,1300.46344725,1218.91366012,899.09224022,1576.43031949,2052.70785322,1719.91830453,893.788559686,5
A47, 34.3909963220358,-1.07695615084556,1854.38888265,1191.02966252,1206.14834075,783.293934066,1542.09520202,1945.90094831,1603.85605804,780.602521921,5
A48, 34.3915146589279,-1.07715728097959,1837.07484626,1150.59491928,1147.3862353,756.971289691,1480.64209778,1902.5096657,1587.03845493,746.342429368,5
A49, 34.3910305202007,-1.07715258794329,1832.87465981,1169.26619734,1201.17837406,761.173345847,1532.85109443,1924.41019541,1582.37474134,758.501113667,5
A50, 34.3904880434275,-1.07696788343709,1849.97617953,1211.02878043,1262.47279208,789.969109625,1596.38080318,1968.4070836,1599.25021302,795.259721648,0
A51, 34.3901836127043,-1.07782872031421,1753.24006108,1138.59086532,1294.3076819,703.498141536,1608.24657667,1897.99527355,1502.52351889,717.740181446,7
A52, 34.3901463970542,-1.07814047192698,1718.49304696,1109.67302883,1299.47903537,671.03181318,1606.09455773,1869.33497787,1467.78308095,687.762132189,10
B1, 34.4049977883697,-1.07845389959152,2383.00911064,1477.52108377,364.372815235,1596.12649558,245.890059143,1782.92262855,2206.78999488,1485.13497641,14
B2, 34.4056442007423,-1.07846194479319,2433.7894471,1532.82253533,434.521945147,1662.39112027,273.838008418,1814.09920167,2261.36564221,1551.01490094,10
B3, 34.4038591906428,-1.08032709013699,2147.06291803,1249.33749191,375.147255814,1406.6835857,64.8713476084,1540.68166749,1976.75624894,1293.94931522,15
B4, 34.3999505415559,-1.07661087741788,2198.29118494,1286.59588918,237.438642824,1225.27487192,661.654230547,1827.04389828,1982.49587755,1128.93339923,7
B5, 34.3991827592254,-1.07628571696965,2187.56608794,1284.29208411,329.805244384,1188.76208888,749.973143246,1855.60983753,1966.35422791,1097.10675835,11
B6, 34.3995019420981,-1.07708185718089,2127.82955645,1217.68149283,265.413418175,1153.1992797,667.820478706,1769.99148954,1911.16220735,1056.64707694,5
B7, 34.3990727886558,-1.07771508181516,2042.96572005,1133.67468716,306.000276693,1070.99658249,671.020395524,1696.2174032,1826.10892653,973.370397128,9
B8, 34.3976770341396,-1.07695045215825,2046.00903058,1159.30858449,467.306090704,1021.48390298,847.956932324,1778.63779498,1818.53915925,935.099879888,0
B9, 34.3988843634725,-1.0756890306961,2230.98213551,1334.24728144,392.021122841,1215.32236128,818.343424392,1920.08000506,2006.4105126,1127.76063198,17
B10, 34.3982275575399,-1.07549359915529,2218.67538254,1331.98107231,465.428175412,1186.08052919,887.941425232,1939.97756041,1990.28761189,1103.10295954,6
B11, 34.3974061310291,-1.07550499653538,2180.62999201,1307.52223613,545.33485068,1131.81315392,959.369618014,1940.31087328,1948.33896183,1054.21447294,8
B12, 34.3972904607654,-1.07520296594884,2206.77403084,1337.56558309,572.041665701,1152.93073846,989.714911546,1974.42807172,1973.35016207,1077.47143419,8
B13 - NEED TO SURVEY, 34.3955527245998,-1.07624951353615,2030.79692114,1195.10538797,714.059108078,956.561948647,1093.64403881,1877.75171743,1791.62793591,891.544005052,6
B14, 34.4010354951024,-1.07810795590005,2125.47727229,1205.10826917,102.1779015,1221.33585727,462.820808549,1680.7325861,1922.72882775,1116.08726195,5
B15, 34.3988183140755,-1.07536152363007,2260.27924303,1366.12230843,419.080332665,1238.4335288,848.321694748,1956.15825553,2034.48624999,1152.61830396,11
B16, 34.3993252515793,-1.07926177181867,1911.68454628,994.115227827,331.448255074,992.102483552,581.331834757,1526.8062675,1703.30053313,886.715729864,8
B17, 34.3996015191078,-1.07959296584812,1898.51312624,978.956225933,329.253192594,999.941622722,543.047993136,1493.1933595,1693.81043442,892.602118753,11
B18, 34.39945936203,-1.08051916920248,1805.60939197,885.069785772,414.604546773,939.714812999,547.712575473,1389.09712914,1605.2248218,829.518713995,18
B19, 34.4000424072146,-1.08056308256479,1840.95334442,920.744392632,381.013618183,997.403802684,482.855424703,1392.69327094,1645.29646694,886.393038259,8
B20, 34.4005547091365,-1.08109004286294,1831.77449691,915.085322911,409.180806238,1030.70722778,429.673596061,1345.10273994,1643.68782242,918.291908682,8
B21, 34.4008091837168,-1.08120435166874,1840.79196485,926.251225446,412.516104393,1053.87631055,403.643476726,1338.68086766,1655.51412955,941.2005018,2
B22, 34.4008162245154,-1.08181109335173,1791.40091853,881.488417526,477.582280927,1037.02601864,419.813122938,1273.18782524,1610.94064235,923.85899588,15
B23, 34.4010706990957,-1.08249392901228,1756.67177073,856.930445096,546.634953229,1050.13318124,425.631991802,1206.89689738,1584.13767589,937.039360321,13
B24, 34.4011997804046,-1.08131363222391,1860.94811645,949.971236299,414.785203018,1092.15818402,363.483149921,1337.28310453,1679.49641771,979.249837291,11
B25, 34.4011397659779,-1.08101730089338,1880.78634354,967.228461482,383.606262716,1095.12835383,364.131932596,1367.51130031,1696.62430796,982.553371753,9
B26, 34.4013372436166,-1.08080510887084,1913.0109504,999.386344587,356.524084407,1123.24520954,339.831275972,1395.85634801,1728.75600651,1010.86241624,2
B27, 34.4016638025641,-1.08031267582619,1978.0205194,1063.46979341,298.168846929,1175.54443899,304.037285188,1458.23492677,1792.62516393,1063.73268323,4
B28, 34.4008846208453,-1.08042195641344,1912.14705123,994.161997373,326.91985816,1090.20416777,389.609751346,1425.40170489,1721.85256375,978.742962965,4
B29, 34.4030159711838,-1.08027379070829,2084.14470842,1178.78032863,321.855676801,1318.99544705,155.998163068,1509.82553651,1907.86087875,1206.57531951,13
B30, 34.4031970202923,-1.08079170021173,2058.11752812,1159.42263836,382.661921545,1321.63255855,134.240796677,1463.89116136,1886.96849516,1208.6921259,0
B31, 34.4034343957901,-1.08076052507907,2079.63652134,1182.80386003,390.847987742,1347.99667515,107.659934271,1477.4393248,1909.84668526,1235.03313084,4
B32 - CBO, 34.4050266221166,-1.07958357978301,2298.35769546,1402.9279239,416.735116553,1555.31676835,131.630319864,1671.77428281,2129.91577933,1442.9165663,15
B33, 34.4052398577332,-1.07918232547224,2346.08760389,1448.44121532,416.865663371,1592.18008052,182.026730735,1722.29550311,2176.11220849,1480.11832262,11
B34, 34.4047433137894,-1.07939217109165,2289.92104767,1390.31425882,378.769108532,1532.35850666,137.814882258,1676.64625689,2118.41637046,1420.26125979,4
B35, 34.4037525728345,-1.0786449731252,2271.51667959,1359.57255002,241.98411173,1460.51636807,226.258609987,1708.31949243,2089.00149505,1350.10813435,7
B36, 34.4034263491631,-1.07873447598684,2239.59995682,1326.34937328,215.990841249,1423.33464932,231.153264146,1686.03980516,2055.61134544,1313.03601416,5
B37*, 34.4028577208519,-1.0785323403068,2214.36058381,1297.5252225,152.119604836,1375.58569696,283.964474935,1686.32357261,2025.56379173,1266.26332385,7
B38, 34.4022917747498,-1.07867313132915,2161.6753248,1243.23052365,126.50726817,1312.24843874,314.784893489,1652.72072045,1970.08837038,1203.26745339,1
B39, 34.4031075015664,-1.07905762487364,2189.16132956,1275.898239,212.952884789,1376.4263067,220.910992625,1640.10934601,2005.18218046,1265.79112125,15
B40*, 34.403574205935,-1.07924333490302,2209.53264064,1300.22136934,264.202741869,1416.43863647,173.75083092,1639.1566362,2029.74132706,1305.14462075,10
B41, 34.4040834903717,-1.08212284455603,2034.48752392,1164.71624021,558.584139774,1387.46992765,174.939665902,1373.28374631,1880.55522716,1274.42229893,7
B42, 34.4036204740405,-1.08225659586934,1985.16534914,1112.25304199,551.241131928,1334.38365233,205.034581061,1335.95504384,1829.35493937,1221.37407044,21
B43*, 34.4032154604793,-1.08240308539621,1940.10216053,1064.88507902,552.188652656,1287.5357964,240.97656396,1301.27818469,1782.85352493,1174.58608865,7
B44, 34.401383176446,-1.08317676451907,1729.83681544,845.086292542,618.054871564,1075.66387122,441.436883972,1144.53367829,1566.33605652,963.356517418,5
B45, 34.4017435982823,-1.08369702004002,1722.28635263,853.812248691,674.017312059,1112.57937137,454.413381043,1103.79098919,1567.05811882,1001.28543473,9
B45, 34.4017435982823,-1.08369702004002,1722.28635263,853.812248691,674.017312059,1112.57937137,454.413381043,1103.79098919,1567.05811882,1001.28543473,9
B46, 34.4021167606115,-1.08329811278646,1782.55641146,910.526855819,630.441836949,1156.03150484,393.764086023,1160.43988039,1626.03433017,1043.99744325,16
B47, 34.4042393937707,-1.0824074432081,2028.46609591,1165.99224574,594.645402777,1400.36025745,203.980085944,1354.27284211,1878.18946862,1287.50908989,17
B48, 34.404274597764,-1.08281271968775,2004.28895517,1150.68164918,636.844219135,1399.41456549,248.702559294,1317.52354139,1858.12165386,1286.93807571,7
B48, 34.404274597764,-1.08281271968775,2004.28895517,1150.68164918,636.844219135,1399.41456549,248.702559294,1317.52354139,1858.12165386,1286.93807571,7
B49, 34.4042598456144,-1.08346505045022,1960.43024958,1121.96338321,702.458852099,1393.0282803,321.23646275,1255.19901012,1820.7443795,1281.4184865,6
B50, 34.4037995114922,-1.0836547828039,1906.45770845,1066.64581095,704.374901477,1341.19059255,348.180151393,1210.08134642,1765.73744602,1229.88198489,8
B50, 34.4037995114922,-1.0836547828039,1906.45770845,1066.64581095,704.374901477,1341.19059255,348.180151393,1210.08134642,1765.73744602,1229.88198489,8
B51, 34.404049962759,-1.08373925727556,1923.85094256,1089.68221627,722.36462566,1368.82415687,353.397813218,1216.92662541,1785.69177086,1257.67490239,5
B52, 34.4042367115617,-1.08422196849701,1911.17028803,1093.09763317,779.90509084,1389.66603197,405.43557834,1183.95900117,1779.50014829,1279.4799822,6
B53, 34.404208548367,-1.08503386178058,1860.80027401,1068.29912838,864.268111785,1391.35433661,495.766868723,1109.33848854,1738.368543,1283.1826094,9
B54, 34.4045079499483,-1.08539153724141,1869.76613606,1093.83717905,912.540443402,1428.40062147,535.320682666,1099.28911613,1753.49730827,1321.15101993,3
B55*, 34.4041321054101,-1.08584374355074,1808.91826147,1045.40390592,948.048036185,1393.54570014,586.108623304,1033.91337689,1696.11572393,1287.87979744,6
B56, 34.4046434015036,-1.08614879002217,1843.62288233,1098.51763604,997.127265048,1455.05395873,620.013374731,1046.79690547,1737.70650962,1350.10210509,7
B57, 34.4048583135009,-1.0870317485362,1823.55738041,1118.62217302,1097.87196808,1497.90158295,719.453175709,996.170664766,1730.56348726,1395.87232223,11
B58, 34.404811039567,-1.0887038044224,1752.46693906,1129.9003758,1274.7021681,1545.94115637,904.69247085,880.222011728,1683.4189587,1450.61766374,0
B59, 34.4050189107656,-1.08932227714464,1754.60806291,1166.14859536,1347.12620266,1592.13649029,974.772451183,865.815003655,1695.72746912,1499.0834906,8
B60, 34.4044184312224,-1.0895586040863,1683.24523334,1107.7258741,1356.74907665,1540.86424532,998.511141864,794.528138474,1626.17243457,1450.04108504,6
B61, 34.4048291444778,-1.08994376667913,1716.67655422,1163.31884317,1408.75291114,1600.06838609,1042.49960108,816.644370983,1666.9753131,1510.09589693,6
B62, 34.4046635180712,-1.09013752121112,1693.77466054,1152.07777998,1425.50151628,1592.51205204,1063.32618726,791.136994928,1646.75585731,1503.77149575,8
B63, 34.4048298150301,-1.09080560551387,1696.66156042,1194.16158528,1502.03967156,1642.29127209,1138.23668797,782.527014871,1660.87854626,1556.15736375,36
B64, 34.4043198600411,-1.09168554572642,1625.32198969,1181.43046705,1586.69091229,1641.28811889,1235.03118839,702.953647182,1603.59279187,1560.56144906,7
B65, 34.4041418284178,-1.09154475530972,1607.84217287,1156.75820344,1567.90522695,1616.23221518,1219.65547451,686.931254884,1583.50165976,1535.38668871,5
B66, 34.4038159400225,-1.09172510112804,1569.20646,1133.5430358,1582.21333112,1596.19276415,1241.02482211,647.207436805,1547.70242973,1517.22954512,5
B67, 34.4042568281293,-1.091961427881,1614.64280902,1189.15724386,1615.71601462,1651.6392341,1265.76720609,690.594153505,1597.62354292,1572.3819298,3
C1, 34.3990090861917,-1.08690905955538,1262.80300229,468.364474272,1077.56693139,872.126217441,923.440160608,677.804312764,1126.11355278,780.388206636,2
C2, 34.3987465649843,-1.08667273240616,1255.25715432,440.376985765,1061.49340075,835.310788424,923.136262053,700.323482563,1111.95572787,742.581802307,9
C3*, 34.398944042623,-1.08628187072587,1299.41106344,467.402369273,1013.29733023,841.493701861,876.426704833,745.952481359,1151.9967772,744.950540507,5
C4, 34.3991787359118,-1.08530940932772,1389.07721883,521.023384266,902.509236351,840.5205848,782.16591656,856.559676707,1230.25780624,736.625090693,6
C5, 34.3995260819793,-1.08616119300991,1358.62107164,533.441294413,981.784190976,899.560804669,822.909417422,769.740062785,1215.18628913,800.677294898,7
C6*, 34.3995716795325,-1.08674480380824,1324.3047373,531.454674224,1043.35136585,924.106901982,869.772021369,707.452344222,1190.39898066,829.258495869,3
C7, 34.3999374657869,-1.08671798654255,1359.45398915,572.217409388,1031.42509191,961.565790533,842.940711743,720.668004594,1228.49963156,865.533009614,7
C8, 34.4000631943345,-1.08625538867195,1400.36385085,590.883157837,978.224217468,959.891950633,793.307954948,773.963455381,1263.36943013,860.520045814,3
C9, 34.4003247097135,-1.08646858596024,1410.64937562,617.109927031,996.187128485,994.335739559,795.442973228,760.085767167,1279.22367157,895.785573145,7
C10, 34.4007609039545,-1.08674379816078,1434.55665056,663.552478414,1019.61824503,1049.58360656,795.181905085,748.813277833,1311.09333394,951.832259766,9
C11*, 34.4012644886971,-1.08717253916377,1458.38519453,719.408449422,1062.24131352,1117.51329563,811.148411674,730.25937146,1345.68321312,1021.24357068,4
C13, 34.3980052694678,-1.08879498306476,1054.30018307,410.356292745,1311.44760783,879.845488244,1156.63434025,461.080671158,944.439651055,810.437827578,2
C14*, 34.3985547870398,-1.08952944033705,1070.48832147,505.481524316,1371.52969442,978.485655554,1187.75323579,382.259668415,982.994496305,911.191280428,19
C15, 34.3977963924408,-1.090406363984,954.364245928,507.109360052,1488.92989028,983.378755917,1315.5915606,284.043613528,883.977543803,928.978927199,7
C16, 34.3972187116742,-1.09034636042456,897.707054473,461.947046185,1503.21267685,935.493629582,1347.01987768,305.397694183,821.100936986,886.037194605,11
C17, 34.3968167155981,-1.09022534765578,862.727002305,425.915168415,1506.50448745,896.533499173,1363.31608554,334.947206404,778.861723706,850.288286544,10
C18*, 34.3957833945751,-1.08989951823755,779.324570726,343.644618348,1520.04416072,798.826471645,1410.23065621,426.531057627,673.368975487,762.353884583,12
C19, 34.3955862522125,-1.09049620171322,727.125338455,401.721425259,1589.27823617,843.16126585,1474.13771264,391.598324241,639.067744357,813.544934423,15
C20, 34.3952593579888,-1.09048715089735,695.825082016,394.376086726,1604.5731536,824.437103033,1497.76139494,419.182047329,603.298104515,799.154611476,4
C21, 34.3970587849617,-1.09076839660779,863.304955347,491.495237615,1553.39101978,960.543701424,1395.43952433,268.872091477,798.398238923,915.769033042,3
C22, 34.3962008133531,-1.09128529866738,753.784445065,504.51516241,1641.44873037,953.543331065,1498.42973308,281.956640853,700.519586283,921.414588229,8
C23, 34.3961813673377,-1.09162721826888,739.644144668,540.177025999,1677.47279507,985.128172595,1530.09850738,260.544350353,699.071655276,955.218938759,7
C24, 34.3961535394192,-1.09180488236018,731.074020696,558.297643804,1696.9576877,1000.75062334,1547.83226792,252.688276511,697.172531338,972.137226823,9
C25, 34.395471252501,-1.09144486115291,671.5669927,503.120543475,1690.12345138,929.82911968,1562.7023771,338.412380588,619.499469984,907.271842148,10
C26, 34.396097548306,-1.09212568334375,716.131959971,591.167102619,1732.40484752,1029.04211215,1580.36246425,242.659628411,694.555195964,1002.73483947,4
C27*, 34.396187402308,-1.09266504458585,714.784840615,651.781850948,1784.78640168,1086.83001713,1623.83524151,217.307073507,714.403031141,1062.1937652,7
C28, 34.3960180878639,-1.09301467397821,691.477545303,685.635993612,1827.80171852,1113.41901699,1666.58777206,234.117891704,705.261064937,1092.10767155,4
C29, 34.3961035832763,-1.09345112403501,698.172482801,735.088228693,1870.03036872,1161.42257531,1701.90888431,231.550941297,728.60278675,1141.04962835,7
C30, 34.396361745894,-1.09382824096847,727.173015227,782.119247128,1900.15124436,1211.54172044,1722.28460049,219.272540169,769.894349609,1190.15186072,6
C31, 34.3967982754111,-1.09499981727271,790.878178243,920.107196859,2009.99293121,1350.14808346,1811.86667024,272.289372459,868.291352897,1329.16345649,15
C32, 34.3978228792548,-1.09625217987727,937.053902768,1085.50237291,2117.28387784,1524.87717929,1889.35552565,369.810793029,1036.53840663,1500.0255609,8
C33, 34.4023236259818,-1.08728584209262,1556.41347476,837.541104749,1074.45311547,1233.38291465,780.220945101,783.199983343,1452.84407587,1135.68673432,11
C34*, 34.4027051702142,-1.08756038378722,1581.20918838,881.667279926,1107.88347564,1283.10587102,798.47505799,785.729033616,1484.30136715,1186.12261366,10
C35, 34.4024017453194,-1.08853217402928,1507.14479779,863.135534454,1213.30350205,1289.73623717,911.457461327,683.035100073,1424.47597485,1198.47220159,3
C36, 34.4023806229234,-1.08901857185624,1485.59443731,873.351867833,1267.19904923,1309.87125863,964.56391847,643.597045964,1411.3054375,1221.33339333,4
C37*, 34.4017888605595,-1.08887476437457,1429.74670941,805.670885924,1249.70297294,1243.66518427,966.583310088,608.653590889,1349.83223895,1156.05596473,16
C38*, 34.4029093533754,-1.08919891782589,1534.45498724,935.337496338,1291.39002745,1371.58782472,972.458136311,675.454500391,1465.74822727,1282.58141283,8
C39, 34.4026920944452,-1.08987571793915,1488.96161115,935.320709165,1364.41485496,1383.89760563,1050.77044262,611.692349015,1431.42998416,1299.11889067,8
C40, 34.4022512063384,-1.09083946226586,1414.95472427,933.752452527,1468.92907005,1396.65590389,1165.3435532,515.001731316,1374.26559785,1318.68297507,16
C41, 34.4015722721815,-1.09202813571287,1317.50201825,940.036885152,1600.58054665,1414.0652313,1310.96058588,396.689415476,1299.93065759,1345.58693658,16
C42, 34.4007592275739,-1.09228993879753,1224.17760409,888.398317176,1633.74166764,1364.9927956,1363.1951536,301.903320999,1211.90414795,1302.15373822,6
C43, 34.4001460075378,-1.0921380863069,1158.74441488,826.937962848,1623.31730545,1303.89349063,1369.02447523,241.975165328,1142.5672915,1243.74259581,5
C44, 34.4002214446664,-1.09148139962005,1179.38367855,784.405359717,1549.81705628,1260.33019631,1297.69577255,284.162662739,1147.59787833,1195.83184262,5
C45, 34.4012011215091,-1.08933132796403,1350.53630462,758.855451113,1302.30718664,1209.55464275,1035.62532589,527.393475717,1276.06818885,1126.75913134,6
C46, 34.4005141407251,-1.08977314200309,1261.92745423,707.91147078,1357.42645402,1170.1561811,1109.2654061,441.232403015,1192.79265661,1093.16234775,11
C47*, 34.4001936167479,-1.08999471942923,1220.13212603,687.800661068,1386.13331873,1154.75757232,1146.03638334,400.327984594,1154.10424317,1080.84585502,5
C48*, 34.3997047841549,-1.08958408046472,1185.32666165,618.21158207,1349.29933254,1084.01075389,1128.48517213,412.531881421,1107.36266622,1009.86433881,7
C49, 34.398899115622,-1.09131379196898,1040.10839978,664.253859281,1555.27902178,1141.03995579,1340.48542966,200.367830268,1000.4816248,1084.12301192,7
C50*, 34.3994197994471,-1.09199629026568,1081.3317727,759.23988399,1619.01187209,1235.84995255,1384.40263861,178.346121366,1060.8909431,1179.52469407,6
C51, 34.3992182984948,-1.09236133963484,1053.20124459,775.198834854,1662.81621256,1250.50136118,1430.56708684,137.757892393,1042.19025457,1197.71446228,6
C52, 34.3988793343306,-1.09227988234144,1017.10787417,744.666239406,1660.91306516,1218.88090439,1437.91087271,111.6424358,1003.7544113,1168.06944106,8
C53, 34.3975150957704,-1.09122361904885,894.56154049,561.221820629,1585.00460278,1031.70172544,1408.70363353,202.443161199,846.705836292,985.616773159,7
C54, 34.3980461731553,-1.09137446593974,946.639623809,608.513858087,1584.33691949,1082.16783714,1392.02173612,174.277996317,905.661191167,1032.3670703,4
C55, 34.3976300954819,-1.09076403880795,922.925273526,526.440551153,1532.43090628,1000.53264549,1358.93862075,248.065684369,861.763705847,950.232072514,3
C56, 34.3968210741878,-1.09232178424161,790.482878497,636.151457639,1725.11343781,1087.84580453,1553.14229908,160.193590032,777.18506752,1055.0366305,10
C57, 34.3965149670839,-1.09294897181361,747.160678459,691.653154985,1802.12780419,1131.65736787,1630.22680099,178.732726709,756.915594273,1105.01516588,8
C58, 34.3968532606959,-1.09302540086207,783.87735894,711.012509282,1798.24780604,1157.17576958,1617.61779721,141.439934118,795.468432846,1127.61152573,7
D1, 34.3905537575483,-1.09223027049087,171.711515676,751.356254586,2050.23625454,928.885715996,2010.77281345,845.157480111,122.967817996,972.955822164,10
D2, 34.3902499973774,-1.09231742644402,149.378474249,780.362501106,2078.64972937,943.816474974,2042.89369221,877.968896085,115.623314972,991.229584241,12
D3, 34.3900387734175,-1.09249475527936,124.28757808,810.611860944,2108.68142583,967.548829147,2073.55662891,900.080996055,129.518691573,1016.85903616,3
D4, 34.3896810337901,-1.09284103254011,85.018725375,865.755725709,2163.57500545,1013.57233522,2128.75754853,938.554786891,168.863783554,1065.71672429,4
D5, 34.389419183135,-1.09263722172739,115.355279103,868.574045839,2164.34412755,998.62946471,2136.90188172,968.186813627,154.0106246,1054.09377765,15
D6, 34.3892931193113,-1.09227083153092,158.360837923,849.526120285,2142.19109229,963.192771381,2122.63811485,984.432165865,123.712419612,1021.20170458,4
D7*, 34.3890051171184,-1.09221686188246,178.018345075,868.829076416,2158.63948343,967.020681431,2144.41088081,1016.8189526,139.433556479,1028.14040481,1
D8, 34.3887429311871,-1.0922212196802,194.183690892,890.963046218,2178.35428034,977.031897166,2168.01414524,1045.84153435,161.820664904,1040.68429651,8
D9, 34.3880381807685,-1.09235128317899,241.870067576,960.47577407,2241.95795687,1019.66276717,2239.77515342,1123.04316718,235.649511429,1089.12065906,3
D10, 34.3878219276667,-1.09252157249361,252.519773181,991.07858478,2272.2178406,1046.78867195,2270.35056386,1146.12041604,265.86774642,1117.33239948,9
D11, 34.3878802657127,-1.09201472710357,278.407825089,951.748438251,2226.97780729,992.996797938,2232.51849593,1143.32822278,236.804084348,1065.22778566,9
D12, 34.3878648430109,-1.09157626554641,312.6229551,925.284975156,2193.45026808,950.03836381,2206.53974431,1150.44159664,227.797151218,1024.4058922,4
D13, 34.388087131083,-1.09165939893525,288.98724493,910.069608944,2182.62998404,947.434657723,2191.19650921,1124.74148207,204.680765002,1019.51161678,4
D14, 34.3883094191551,-1.09135033043771,300.873469378,870.238850618,2140.7951087,905.824394052,2151.48529444,1105.20512131,176.834093463,977.367064978,9
D15, 34.3881508335471,-1.09085052437287,357.171395867,855.57986558,2114.20927387,863.734923744,2135.92609053,1132.6933152,201.880949908,939.231028304,6
D16, 34.389223381877,-1.09118138191804,276.263411845,776.614440042,2056.95136736,850.191744958,2057.02636146,1008.50832979,77.2157146177,913.322983095,3
D17*, 34.3899733945727,-1.09011539699184,386.922011938,640.163483861,1913.47119801,711.933864588,1921.3967169,958.882332601,136.221266937,770.910088026,7
D18, 34.3897088617086,-1.08833406159071,584.789607308,585.599236722,1797.01066469,536.101549274,1845.54178368,1066.42576416,334.726891732,610.23722097,5
D19, 34.3899988755584,-1.08798342600765,623.934273132,545.151667702,1747.05238633,487.329133757,1798.92260402,1058.03653264,373.202843222,559.956265575,6
D20, 34.3895717337728,-1.08636366339729,804.238668739,584.791798609,1672.50883761,359.798635,1768.08888279,1199.35113081,554.352575217,455.93294563,4
D19, 34.3899988755584,-1.08798342600765,623.934273132,545.151667702,1747.05238633,487.329133757,1798.92260402,1058.03653264,373.202843222,559.956265575,6
D20, 34.3895717337728,-1.08636366339729,804.238668739,584.791798609,1672.50883761,359.798635,1768.08888279,1199.35113081,554.352575217,455.93294563,4
D21, 34.3909664824605,-1.09476818376789,182.225879342,965.958290834,2255.24982006,1204.75522808,2171.41991592,821.143709272,399.395636981,1240.11360058,8
D22*, 34.3911418318748,-1.09561828869934,268.693358445,1043.88976499,2325.63017712,1297.9150845,2228.11589352,831.26837899,495.538842139,1330.78801059,9
D23, 34.3908481299877,-1.09585964336777,276.618327244,1081.49847126,2365.42228887,1326.75698618,2269.84585346,871.470490334,513.686441563,1362.04250835,10
D24, 34.3912343680859,-1.09617742698489,327.410021385,1097.67212576,2374.17944032,1359.54668871,2268.50678689,846.193332024,558.166223912,1391.15802251,10
D25, 34.3907391652465,-1.09596423038473,282.682484739,1097.0624112,2381.63827048,1339.30592241,2286.58411036,887.067274426,522.776662408,1375.43870389,3
D26, 34.3905088305473,-1.09587305195989,264.792581658,1098.69437377,2386.36747256,1331.5899605,2296.1349673,907.120553022,508.7686288,1369.83355749,3
D27, 34.3903358280659,-1.09581070200603,253.164790814,1100.98080067,2390.69858607,1326.81849928,2304.0003569,922.672247274,499.667704215,1366.64252961,3
D28, 34.3905011191964,-1.09607686255275,286.349369835,1119.52144286,2406.10368742,1354.22159344,2313.54216177,916.30572554,531.12985606,1392.28135187,6
D29*, 34.3907441943884,-1.09631452982195,319.516112895,1132.45946629,2414.76857711,1378.0816707,2315.50478949,902.045316105,561.239153308,1413.80505113,10
D30, 34.3897128850222,-1.09590556779553,257.569380654,1143.02069565,2437.18906841,1347.13392843,2359.11195111,991.400128151,508.286880798,1392.07686399,8
D31, 34.3903985247016,-1.0966175639432,342.421407537,1178.86523622,2463.405219,1415.2026424,2366.14776535,951.122079879,589.642370589,1453.47508774,6
D32, 34.3899857997894,-1.09695613079017,374.509634057,1232.42999775,2519.39985999,1458.0695258,2424.698025,1008.83612035,624.751307738,1499.215467,7
D33, 34.3924631550908,-1.09667052786832,450.773218613,1109.32890658,2358.56326532,1415.50341683,2226.77456038,753.629582056,657.843502597,1436.23982571,3
D34, 34.3926374986768,-1.09684316344053,477.966715812,1123.70226445,2367.3785376,1435.88615476,2230.82558685,748.489958729,683.602572552,1455.15474029,4
D35, 34.3926569446921,-1.0964851541263,450.122108807,1084.36937961,2330.58188667,1396.33262096,2197.39295215,724.316427876,649.216848132,1415.33179756,6
D36, 34.393021389842,-1.0955331441311,415.75987715,972.337665489,2217.68527441,1294.6112245,2088.36208829,636.223764841,581.377755326,1309.82538776,4
D37*, 34.3924534320831,-1.09533402650934,350.5732015,965.754528483,2226.67212467,1267.09137612,2109.89342297,684.184740432,527.255433082,1287.69106162,8
D38, 34.3922147154808,-1.09511580162586,315.094360972,950.089880225,2217.91622413,1241.46246898,2108.01571379,699.954375153,492.606085281,1264.37456004,12
D39, 34.3921141326427,-1.09590556779553,361.858443515,1037.30381518,2300.49119733,1328.80883349,2183.05579477,744.954259525,564.373245943,1352.63250399,2
D40*, 34.3916594982147,-1.09555392745114,298.634635843,1016.13815365,2290.54647473,1289.08655702,2185.05223423,775.098739006,507.938676575,1317.21837259,6
